method,pool_scope,query_id,query_parent_id,query_display_name,query_family_name,query_variant,query_variant_family,reference_id,reference_parent_id,reference_display_name,reference_family_name,reference_variant,distance,is_true_parent
smoothed_gd_sigma_0p05,same_formula,diamond::conventional_standard,diamond,diamond,C,conventional_standard,equivalent_transform,diamond::reference,diamond,diamond,C,reference,4.509022156641714e-16,1
smoothed_gd_sigma_0p05,same_formula,diamond::conventional_standard,diamond,diamond,C,conventional_standard,equivalent_transform,graphite::reference,graphite,graphite,C,reference,0.6734367033795645,0
smoothed_gd_sigma_0p05,same_formula,diamond::niggli_reduced,diamond,diamond,C,niggli_reduced,equivalent_transform,diamond::reference,diamond,diamond,C,reference,1.942003549280421e-16,1
smoothed_gd_sigma_0p05,same_formula,diamond::niggli_reduced,diamond,diamond,C,niggli_reduced,equivalent_transform,graphite::reference,graphite,graphite,C,reference,0.6734367033795644,0
smoothed_gd_sigma_0p05,same_formula,diamond::origin_shifted,diamond,diamond,C,origin_shifted,equivalent_transform,diamond::reference,diamond,diamond,C,reference,2.0292940538980564e-16,1
smoothed_gd_sigma_0p05,same_formula,diamond::origin_shifted,diamond,diamond,C,origin_shifted,equivalent_transform,graphite::reference,graphite,graphite,C,reference,0.6734367033795643,0
smoothed_gd_sigma_0p05,same_formula,diamond::permuted_sites,diamond,diamond,C,permuted_sites,equivalent_transform,diamond::reference,diamond,diamond,C,reference,0.0,1
smoothed_gd_sigma_0p05,same_formula,diamond::permuted_sites,diamond,diamond,C,permuted_sites,equivalent_transform,graphite::reference,graphite,graphite,C,reference,0.6734367033795643,0
smoothed_gd_sigma_0p05,same_formula,diamond::supercell_2x1x1,diamond,diamond,C,supercell_2x1x1,equivalent_transform,diamond::reference,diamond,diamond,C,reference,0.0002064695348186987,1
smoothed_gd_sigma_0p05,same_formula,diamond::supercell_2x1x1,diamond,diamond,C,supercell_2x1x1,equivalent_transform,graphite::reference,graphite,graphite,C,reference,0.6734363685937949,0
smoothed_gd_sigma_0p05,same_formula,diamond::coord_noise_0.020A,diamond,diamond,C,coord_noise_0.020A,coordinate_perturbation,diamond::reference,diamond,diamond,C,reference,0.0010648368983651433,1
smoothed_gd_sigma_0p05,same_formula,diamond::coord_noise_0.020A,diamond,diamond,C,coord_noise_0.020A,coordinate_perturbation,graphite::reference,graphite,graphite,C,reference,0.6731695759197344,0
smoothed_gd_sigma_0p05,same_formula,diamond::coord_noise_0.050A,diamond,diamond,C,coord_noise_0.050A,coordinate_perturbation,diamond::reference,diamond,diamond,C,reference,0.006550197781414721,1
smoothed_gd_sigma_0p05,same_formula,diamond::coord_noise_0.050A,diamond,diamond,C,coord_noise_0.050A,coordinate_perturbation,graphite::reference,graphite,graphite,C,reference,0.6718094298412157,0
smoothed_gd_sigma_0p05,same_formula,diamond::coord_noise_0.100A,diamond,diamond,C,coord_noise_0.100A,coordinate_perturbation,diamond::reference,diamond,diamond,C,reference,0.08003450617584724,1
smoothed_gd_sigma_0p05,same_formula,diamond::coord_noise_0.100A,diamond,diamond,C,coord_noise_0.100A,coordinate_perturbation,graphite::reference,graphite,graphite,C,reference,0.6565802632613011,0
smoothed_gd_sigma_0p05,same_formula,diamond::lattice_noise_0.010,diamond,diamond,C,lattice_noise_0.010,lattice_perturbation,diamond::reference,diamond,diamond,C,reference,0.3580555887629885,1
smoothed_gd_sigma_0p05,same_formula,diamond::lattice_noise_0.010,diamond,diamond,C,lattice_noise_0.010,lattice_perturbation,graphite::reference,graphite,graphite,C,reference,0.6204762095434267,0
smoothed_gd_sigma_0p05,same_formula,diamond::lattice_noise_0.020,diamond,diamond,C,lattice_noise_0.020,lattice_perturbation,diamond::reference,diamond,diamond,C,reference,0.19874070220923712,1
smoothed_gd_sigma_0p05,same_formula,diamond::lattice_noise_0.020,diamond,diamond,C,lattice_noise_0.020,lattice_perturbation,graphite::reference,graphite,graphite,C,reference,0.6144162808246625,0
smoothed_gd_sigma_0p05,same_formula,diamond::lattice_noise_0.050,diamond,diamond,C,lattice_noise_0.050,lattice_perturbation,diamond::reference,diamond,diamond,C,reference,0.5907792607368882,1
smoothed_gd_sigma_0p05,same_formula,diamond::lattice_noise_0.050,diamond,diamond,C,lattice_noise_0.050,lattice_perturbation,graphite::reference,graphite,graphite,C,reference,0.5585382982976207,0
smoothed_gd_sigma_0p05,same_formula,diamond::combined_noise_0.020A_0.010,diamond,diamond,C,combined_noise_0.020A_0.010,combined_perturbation,diamond::reference,diamond,diamond,C,reference,0.17673951232898652,1
smoothed_gd_sigma_0p05,same_formula,diamond::combined_noise_0.020A_0.010,diamond,diamond,C,combined_noise_0.020A_0.010,combined_perturbation,graphite::reference,graphite,graphite,C,reference,0.6388581229906893,0
smoothed_gd_sigma_0p05,same_formula,diamond::combined_noise_0.050A_0.020,diamond,diamond,C,combined_noise_0.050A_0.020,combined_perturbation,diamond::reference,diamond,diamond,C,reference,0.12573186505756873,1
smoothed_gd_sigma_0p05,same_formula,diamond::combined_noise_0.050A_0.020,diamond,diamond,C,combined_noise_0.050A_0.020,combined_perturbation,graphite::reference,graphite,graphite,C,reference,0.6456231840226946,0
smoothed_gd_sigma_0p05,same_formula,diamond::combined_noise_0.100A_0.050,diamond,diamond,C,combined_noise_0.100A_0.050,combined_perturbation,diamond::reference,diamond,diamond,C,reference,0.26176869508449874,1
smoothed_gd_sigma_0p05,same_formula,diamond::combined_noise_0.100A_0.050,diamond,diamond,C,combined_noise_0.100A_0.050,combined_perturbation,graphite::reference,graphite,graphite,C,reference,0.5991803962015366,0
smoothed_gd_sigma_0p05,same_formula,graphite::conventional_standard,graphite,graphite,C,conventional_standard,equivalent_transform,diamond::reference,diamond,diamond,C,reference,0.6734367033795643,0
smoothed_gd_sigma_0p05,same_formula,graphite::conventional_standard,graphite,graphite,C,conventional_standard,equivalent_transform,graphite::reference,graphite,graphite,C,reference,3.0046563406878636e-16,1
smoothed_gd_sigma_0p05,same_formula,graphite::niggli_reduced,graphite,graphite,C,niggli_reduced,equivalent_transform,diamond::reference,diamond,diamond,C,reference,0.6734367033795643,0
smoothed_gd_sigma_0p05,same_formula,graphite::niggli_reduced,graphite,graphite,C,niggli_reduced,equivalent_transform,graphite::reference,graphite,graphite,C,reference,6.699779925403462e-16,1
smoothed_gd_sigma_0p05,same_formula,graphite::origin_shifted,graphite,graphite,C,origin_shifted,equivalent_transform,diamond::reference,diamond,diamond,C,reference,0.6734367033795643,0
smoothed_gd_sigma_0p05,same_formula,graphite::origin_shifted,graphite,graphite,C,origin_shifted,equivalent_transform,graphite::reference,graphite,graphite,C,reference,9.76597921936178e-16,1
smoothed_gd_sigma_0p05,same_formula,graphite::permuted_sites,graphite,graphite,C,permuted_sites,equivalent_transform,diamond::reference,diamond,diamond,C,reference,0.6734367033795643,0
smoothed_gd_sigma_0p05,same_formula,graphite::permuted_sites,graphite,graphite,C,permuted_sites,equivalent_transform,graphite::reference,graphite,graphite,C,reference,3.0186805408281235e-16,1
smoothed_gd_sigma_0p05,same_formula,graphite::supercell_2x1x1,graphite,graphite,C,supercell_2x1x1,equivalent_transform,diamond::reference,diamond,diamond,C,reference,0.6734367033795643,0
smoothed_gd_sigma_0p05,same_formula,graphite::supercell_2x1x1,graphite,graphite,C,supercell_2x1x1,equivalent_transform,graphite::reference,graphite,graphite,C,reference,1.2495363452843897e-15,1
smoothed_gd_sigma_0p05,same_formula,graphite::coord_noise_0.020A,graphite,graphite,C,coord_noise_0.020A,coordinate_perturbation,diamond::reference,diamond,diamond,C,reference,0.6718153434608382,0
smoothed_gd_sigma_0p05,same_formula,graphite::coord_noise_0.020A,graphite,graphite,C,coord_noise_0.020A,coordinate_perturbation,graphite::reference,graphite,graphite,C,reference,0.003770463241005073,1
smoothed_gd_sigma_0p05,same_formula,graphite::coord_noise_0.050A,graphite,graphite,C,coord_noise_0.050A,coordinate_perturbation,diamond::reference,diamond,diamond,C,reference,0.661174651251967,0
smoothed_gd_sigma_0p05,same_formula,graphite::coord_noise_0.050A,graphite,graphite,C,coord_noise_0.050A,coordinate_perturbation,graphite::reference,graphite,graphite,C,reference,0.029168069199174584,1
smoothed_gd_sigma_0p05,same_formula,graphite::coord_noise_0.100A,graphite,graphite,C,coord_noise_0.100A,coordinate_perturbation,diamond::reference,diamond,diamond,C,reference,0.6563275450763283,0
smoothed_gd_sigma_0p05,same_formula,graphite::coord_noise_0.100A,graphite,graphite,C,coord_noise_0.100A,coordinate_perturbation,graphite::reference,graphite,graphite,C,reference,0.04301766236505212,1
smoothed_gd_sigma_0p05,same_formula,graphite::lattice_noise_0.010,graphite,graphite,C,lattice_noise_0.010,lattice_perturbation,diamond::reference,diamond,diamond,C,reference,0.6592326637748297,0
smoothed_gd_sigma_0p05,same_formula,graphite::lattice_noise_0.010,graphite,graphite,C,lattice_noise_0.010,lattice_perturbation,graphite::reference,graphite,graphite,C,reference,0.18823833465583031,1
smoothed_gd_sigma_0p05,same_formula,graphite::lattice_noise_0.020,graphite,graphite,C,lattice_noise_0.020,lattice_perturbation,diamond::reference,diamond,diamond,C,reference,0.6629343343806584,0
smoothed_gd_sigma_0p05,same_formula,graphite::lattice_noise_0.020,graphite,graphite,C,lattice_noise_0.020,lattice_perturbation,graphite::reference,graphite,graphite,C,reference,0.46307351504475813,1
smoothed_gd_sigma_0p05,same_formula,graphite::lattice_noise_0.050,graphite,graphite,C,lattice_noise_0.050,lattice_perturbation,diamond::reference,diamond,diamond,C,reference,0.67706503381291,0
smoothed_gd_sigma_0p05,same_formula,graphite::lattice_noise_0.050,graphite,graphite,C,lattice_noise_0.050,lattice_perturbation,graphite::reference,graphite,graphite,C,reference,0.6082796521798948,1
smoothed_gd_sigma_0p05,same_formula,graphite::combined_noise_0.020A_0.010,graphite,graphite,C,combined_noise_0.020A_0.010,combined_perturbation,diamond::reference,diamond,diamond,C,reference,0.6254993954733896,0
smoothed_gd_sigma_0p05,same_formula,graphite::combined_noise_0.020A_0.010,graphite,graphite,C,combined_noise_0.020A_0.010,combined_perturbation,graphite::reference,graphite,graphite,C,reference,0.28211570588723606,1
smoothed_gd_sigma_0p05,same_formula,graphite::combined_noise_0.050A_0.020,graphite,graphite,C,combined_noise_0.050A_0.020,combined_perturbation,diamond::reference,diamond,diamond,C,reference,0.6197620910309517,0
smoothed_gd_sigma_0p05,same_formula,graphite::combined_noise_0.050A_0.020,graphite,graphite,C,combined_noise_0.050A_0.020,combined_perturbation,graphite::reference,graphite,graphite,C,reference,0.2247789459745566,1
smoothed_gd_sigma_0p05,same_formula,graphite::combined_noise_0.100A_0.050,graphite,graphite,C,combined_noise_0.100A_0.050,combined_perturbation,diamond::reference,diamond,diamond,C,reference,0.6179330314849815,0
smoothed_gd_sigma_0p05,same_formula,graphite::combined_noise_0.100A_0.050,graphite,graphite,C,combined_noise_0.100A_0.050,combined_perturbation,graphite::reference,graphite,graphite,C,reference,0.5792557489056537,1
smoothed_gd_sigma_0p05,same_formula,alpha_quartz::conventional_standard,alpha_quartz,alpha_quartz,SiO2,conventional_standard,equivalent_transform,alpha_quartz::reference,alpha_quartz,alpha_quartz,SiO2,reference,4.453468681537001e-16,1
smoothed_gd_sigma_0p05,same_formula,alpha_quartz::conventional_standard,alpha_quartz,alpha_quartz,SiO2,conventional_standard,equivalent_transform,alpha_cristobalite::reference,alpha_cristobalite,alpha_cristobalite,SiO2,reference,1.0653494255104075,0
smoothed_gd_sigma_0p05,same_formula,alpha_quartz::conventional_standard,alpha_quartz,alpha_quartz,SiO2,conventional_standard,equivalent_transform,coesite::reference,coesite,coesite,SiO2,reference,0.4191374621512545,0
smoothed_gd_sigma_0p05,same_formula,alpha_quartz::niggli_reduced,alpha_quartz,alpha_quartz,SiO2,niggli_reduced,equivalent_transform,alpha_quartz::reference,alpha_quartz,alpha_quartz,SiO2,reference,2.2380508106265327e-15,1
smoothed_gd_sigma_0p05,same_formula,alpha_quartz::niggli_reduced,alpha_quartz,alpha_quartz,SiO2,niggli_reduced,equivalent_transform,alpha_cristobalite::reference,alpha_cristobalite,alpha_cristobalite,SiO2,reference,1.0653494255104072,0
smoothed_gd_sigma_0p05,same_formula,alpha_quartz::niggli_reduced,alpha_quartz,alpha_quartz,SiO2,niggli_reduced,equivalent_transform,coesite::reference,coesite,coesite,SiO2,reference,0.41913746215125464,0
smoothed_gd_sigma_0p05,same_formula,alpha_quartz::origin_shifted,alpha_quartz,alpha_quartz,SiO2,origin_shifted,equivalent_transform,alpha_quartz::reference,alpha_quartz,alpha_quartz,SiO2,reference,5.188948913281826e-15,1
smoothed_gd_sigma_0p05,same_formula,alpha_quartz::origin_shifted,alpha_quartz,alpha_quartz,SiO2,origin_shifted,equivalent_transform,alpha_cristobalite::reference,alpha_cristobalite,alpha_cristobalite,SiO2,reference,1.0653494255104077,0
smoothed_gd_sigma_0p05,same_formula,alpha_quartz::origin_shifted,alpha_quartz,alpha_quartz,SiO2,origin_shifted,equivalent_transform,coesite::reference,coesite,coesite,SiO2,reference,0.41913746215125536,0
smoothed_gd_sigma_0p05,same_formula,alpha_quartz::permuted_sites,alpha_quartz,alpha_quartz,SiO2,permuted_sites,equivalent_transform,alpha_quartz::reference,alpha_quartz,alpha_quartz,SiO2,reference,1.821050075600073e-15,1
smoothed_gd_sigma_0p05,same_formula,alpha_quartz::permuted_sites,alpha_quartz,alpha_quartz,SiO2,permuted_sites,equivalent_transform,alpha_cristobalite::reference,alpha_cristobalite,alpha_cristobalite,SiO2,reference,1.0653494255104075,0
smoothed_gd_sigma_0p05,same_formula,alpha_quartz::permuted_sites,alpha_quartz,alpha_quartz,SiO2,permuted_sites,equivalent_transform,coesite::reference,coesite,coesite,SiO2,reference,0.41913746215125447,0
smoothed_gd_sigma_0p05,same_formula,alpha_quartz::supercell_2x1x1,alpha_quartz,alpha_quartz,SiO2,supercell_2x1x1,equivalent_transform,alpha_quartz::reference,alpha_quartz,alpha_quartz,SiO2,reference,2.3833539436405383e-15,1
smoothed_gd_sigma_0p05,same_formula,alpha_quartz::supercell_2x1x1,alpha_quartz,alpha_quartz,SiO2,supercell_2x1x1,equivalent_transform,alpha_cristobalite::reference,alpha_cristobalite,alpha_cristobalite,SiO2,reference,1.0653494255104075,0
smoothed_gd_sigma_0p05,same_formula,alpha_quartz::supercell_2x1x1,alpha_quartz,alpha_quartz,SiO2,supercell_2x1x1,equivalent_transform,coesite::reference,coesite,coesite,SiO2,reference,0.41913746215125464,0
smoothed_gd_sigma_0p05,same_formula,alpha_quartz::coord_noise_0.020A,alpha_quartz,alpha_quartz,SiO2,coord_noise_0.020A,coordinate_perturbation,alpha_quartz::reference,alpha_quartz,alpha_quartz,SiO2,reference,0.024824494929440576,1
smoothed_gd_sigma_0p05,same_formula,alpha_quartz::coord_noise_0.020A,alpha_quartz,alpha_quartz,SiO2,coord_noise_0.020A,coordinate_perturbation,alpha_cristobalite::reference,alpha_cristobalite,alpha_cristobalite,SiO2,reference,1.0667158602869198,0
smoothed_gd_sigma_0p05,same_formula,alpha_quartz::coord_noise_0.020A,alpha_quartz,alpha_quartz,SiO2,coord_noise_0.020A,coordinate_perturbation,coesite::reference,coesite,coesite,SiO2,reference,0.4221768048096712,0
smoothed_gd_sigma_0p05,same_formula,alpha_quartz::coord_noise_0.050A,alpha_quartz,alpha_quartz,SiO2,coord_noise_0.050A,coordinate_perturbation,alpha_quartz::reference,alpha_quartz,alpha_quartz,SiO2,reference,0.0219309343453141,1
smoothed_gd_sigma_0p05,same_formula,alpha_quartz::coord_noise_0.050A,alpha_quartz,alpha_quartz,SiO2,coord_noise_0.050A,coordinate_perturbation,alpha_cristobalite::reference,alpha_cristobalite,alpha_cristobalite,SiO2,reference,1.0578182252804353,0
smoothed_gd_sigma_0p05,same_formula,alpha_quartz::coord_noise_0.050A,alpha_quartz,alpha_quartz,SiO2,coord_noise_0.050A,coordinate_perturbation,coesite::reference,coesite,coesite,SiO2,reference,0.4102924620023261,0
smoothed_gd_sigma_0p05,same_formula,alpha_quartz::coord_noise_0.100A,alpha_quartz,alpha_quartz,SiO2,coord_noise_0.100A,coordinate_perturbation,alpha_quartz::reference,alpha_quartz,alpha_quartz,SiO2,reference,0.10374159274320778,1
smoothed_gd_sigma_0p05,same_formula,alpha_quartz::coord_noise_0.100A,alpha_quartz,alpha_quartz,SiO2,coord_noise_0.100A,coordinate_perturbation,alpha_cristobalite::reference,alpha_cristobalite,alpha_cristobalite,SiO2,reference,1.0288463849112655,0
smoothed_gd_sigma_0p05,same_formula,alpha_quartz::coord_noise_0.100A,alpha_quartz,alpha_quartz,SiO2,coord_noise_0.100A,coordinate_perturbation,coesite::reference,coesite,coesite,SiO2,reference,0.3929971153941001,0
smoothed_gd_sigma_0p05,same_formula,alpha_quartz::lattice_noise_0.010,alpha_quartz,alpha_quartz,SiO2,lattice_noise_0.010,lattice_perturbation,alpha_quartz::reference,alpha_quartz,alpha_quartz,SiO2,reference,0.489563194776918,1
smoothed_gd_sigma_0p05,same_formula,alpha_quartz::lattice_noise_0.010,alpha_quartz,alpha_quartz,SiO2,lattice_noise_0.010,lattice_perturbation,alpha_cristobalite::reference,alpha_cristobalite,alpha_cristobalite,SiO2,reference,1.0623199052485588,0
smoothed_gd_sigma_0p05,same_formula,alpha_quartz::lattice_noise_0.010,alpha_quartz,alpha_quartz,SiO2,lattice_noise_0.010,lattice_perturbation,coesite::reference,coesite,coesite,SiO2,reference,0.5771556375097107,0
smoothed_gd_sigma_0p05,same_formula,alpha_quartz::lattice_noise_0.020,alpha_quartz,alpha_quartz,SiO2,lattice_noise_0.020,lattice_perturbation,alpha_quartz::reference,alpha_quartz,alpha_quartz,SiO2,reference,0.3607737416657363,1
smoothed_gd_sigma_0p05,same_formula,alpha_quartz::lattice_noise_0.020,alpha_quartz,alpha_quartz,SiO2,lattice_noise_0.020,lattice_perturbation,alpha_cristobalite::reference,alpha_cristobalite,alpha_cristobalite,SiO2,reference,0.9466266316012059,0
smoothed_gd_sigma_0p05,same_formula,alpha_quartz::lattice_noise_0.020,alpha_quartz,alpha_quartz,SiO2,lattice_noise_0.020,lattice_perturbation,coesite::reference,coesite,coesite,SiO2,reference,0.2780399702256418,0
smoothed_gd_sigma_0p05,same_formula,alpha_quartz::lattice_noise_0.050,alpha_quartz,alpha_quartz,SiO2,lattice_noise_0.050,lattice_perturbation,alpha_quartz::reference,alpha_quartz,alpha_quartz,SiO2,reference,0.873920039304087,1
smoothed_gd_sigma_0p05,same_formula,alpha_quartz::lattice_noise_0.050,alpha_quartz,alpha_quartz,SiO2,lattice_noise_0.050,lattice_perturbation,alpha_cristobalite::reference,alpha_cristobalite,alpha_cristobalite,SiO2,reference,0.8866876948720397,0
smoothed_gd_sigma_0p05,same_formula,alpha_quartz::lattice_noise_0.050,alpha_quartz,alpha_quartz,SiO2,lattice_noise_0.050,lattice_perturbation,coesite::reference,coesite,coesite,SiO2,reference,0.6233140779519024,0
smoothed_gd_sigma_0p05,same_formula,alpha_quartz::combined_noise_0.020A_0.010,alpha_quartz,alpha_quartz,SiO2,combined_noise_0.020A_0.010,combined_perturbation,alpha_quartz::reference,alpha_quartz,alpha_quartz,SiO2,reference,0.11474542438414498,1
smoothed_gd_sigma_0p05,same_formula,alpha_quartz::combined_noise_0.020A_0.010,alpha_quartz,alpha_quartz,SiO2,combined_noise_0.020A_0.010,combined_perturbation,alpha_cristobalite::reference,alpha_cristobalite,alpha_cristobalite,SiO2,reference,1.0530087394446808,0
smoothed_gd_sigma_0p05,same_formula,alpha_quartz::combined_noise_0.020A_0.010,alpha_quartz,alpha_quartz,SiO2,combined_noise_0.020A_0.010,combined_perturbation,coesite::reference,coesite,coesite,SiO2,reference,0.4218961170160626,0
smoothed_gd_sigma_0p05,same_formula,alpha_quartz::combined_noise_0.050A_0.020,alpha_quartz,alpha_quartz,SiO2,combined_noise_0.050A_0.020,combined_perturbation,alpha_quartz::reference,alpha_quartz,alpha_quartz,SiO2,reference,0.6266837098034154,1
smoothed_gd_sigma_0p05,same_formula,alpha_quartz::combined_noise_0.050A_0.020,alpha_quartz,alpha_quartz,SiO2,combined_noise_0.050A_0.020,combined_perturbation,alpha_cristobalite::reference,alpha_cristobalite,alpha_cristobalite,SiO2,reference,0.9132559107005298,0
smoothed_gd_sigma_0p05,same_formula,alpha_quartz::combined_noise_0.050A_0.020,alpha_quartz,alpha_quartz,SiO2,combined_noise_0.050A_0.020,combined_perturbation,coesite::reference,coesite,coesite,SiO2,reference,0.49288718471845366,0
smoothed_gd_sigma_0p05,same_formula,alpha_quartz::combined_noise_0.100A_0.050,alpha_quartz,alpha_quartz,SiO2,combined_noise_0.100A_0.050,combined_perturbation,alpha_quartz::reference,alpha_quartz,alpha_quartz,SiO2,reference,0.4246742422022817,1
smoothed_gd_sigma_0p05,same_formula,alpha_quartz::combined_noise_0.100A_0.050,alpha_quartz,alpha_quartz,SiO2,combined_noise_0.100A_0.050,combined_perturbation,alpha_cristobalite::reference,alpha_cristobalite,alpha_cristobalite,SiO2,reference,0.9891120069675585,0
smoothed_gd_sigma_0p05,same_formula,alpha_quartz::combined_noise_0.100A_0.050,alpha_quartz,alpha_quartz,SiO2,combined_noise_0.100A_0.050,combined_perturbation,coesite::reference,coesite,coesite,SiO2,reference,0.3106448315943085,0
smoothed_gd_sigma_0p05,same_formula,alpha_cristobalite::conventional_standard,alpha_cristobalite,alpha_cristobalite,SiO2,conventional_standard,equivalent_transform,alpha_quartz::reference,alpha_quartz,alpha_quartz,SiO2,reference,1.0653494255104072,0
smoothed_gd_sigma_0p05,same_formula,alpha_cristobalite::conventional_standard,alpha_cristobalite,alpha_cristobalite,SiO2,conventional_standard,equivalent_transform,alpha_cristobalite::reference,alpha_cristobalite,alpha_cristobalite,SiO2,reference,0.0,1
smoothed_gd_sigma_0p05,same_formula,alpha_cristobalite::conventional_standard,alpha_cristobalite,alpha_cristobalite,SiO2,conventional_standard,equivalent_transform,coesite::reference,coesite,coesite,SiO2,reference,0.9203509011738203,0
smoothed_gd_sigma_0p05,same_formula,alpha_cristobalite::niggli_reduced,alpha_cristobalite,alpha_cristobalite,SiO2,niggli_reduced,equivalent_transform,alpha_quartz::reference,alpha_quartz,alpha_quartz,SiO2,reference,1.0653494255104072,0
smoothed_gd_sigma_0p05,same_formula,alpha_cristobalite::niggli_reduced,alpha_cristobalite,alpha_cristobalite,SiO2,niggli_reduced,equivalent_transform,alpha_cristobalite::reference,alpha_cristobalite,alpha_cristobalite,SiO2,reference,0.0,1
smoothed_gd_sigma_0p05,same_formula,alpha_cristobalite::niggli_reduced,alpha_cristobalite,alpha_cristobalite,SiO2,niggli_reduced,equivalent_transform,coesite::reference,coesite,coesite,SiO2,reference,0.9203509011738203,0
smoothed_gd_sigma_0p05,same_formula,alpha_cristobalite::origin_shifted,alpha_cristobalite,alpha_cristobalite,SiO2,origin_shifted,equivalent_transform,alpha_quartz::reference,alpha_quartz,alpha_quartz,SiO2,reference,1.065349425510408,0
smoothed_gd_sigma_0p05,same_formula,alpha_cristobalite::origin_shifted,alpha_cristobalite,alpha_cristobalite,SiO2,origin_shifted,equivalent_transform,alpha_cristobalite::reference,alpha_cristobalite,alpha_cristobalite,SiO2,reference,2.798455605886194e-15,1
smoothed_gd_sigma_0p05,same_formula,alpha_cristobalite::origin_shifted,alpha_cristobalite,alpha_cristobalite,SiO2,origin_shifted,equivalent_transform,coesite::reference,coesite,coesite,SiO2,reference,0.9203509011738208,0
smoothed_gd_sigma_0p05,same_formula,alpha_cristobalite::permuted_sites,alpha_cristobalite,alpha_cristobalite,SiO2,permuted_sites,equivalent_transform,alpha_quartz::reference,alpha_quartz,alpha_quartz,SiO2,reference,1.0653494255104072,0
smoothed_gd_sigma_0p05,same_formula,alpha_cristobalite::permuted_sites,alpha_cristobalite,alpha_cristobalite,SiO2,permuted_sites,equivalent_transform,alpha_cristobalite::reference,alpha_cristobalite,alpha_cristobalite,SiO2,reference,3.715529049722778e-16,1
smoothed_gd_sigma_0p05,same_formula,alpha_cristobalite::permuted_sites,alpha_cristobalite,alpha_cristobalite,SiO2,permuted_sites,equivalent_transform,coesite::reference,coesite,coesite,SiO2,reference,0.9203509011738202,0
smoothed_gd_sigma_0p05,same_formula,alpha_cristobalite::supercell_2x1x1,alpha_cristobalite,alpha_cristobalite,SiO2,supercell_2x1x1,equivalent_transform,alpha_quartz::reference,alpha_quartz,alpha_quartz,SiO2,reference,1.0653494255104075,0
smoothed_gd_sigma_0p05,same_formula,alpha_cristobalite::supercell_2x1x1,alpha_cristobalite,alpha_cristobalite,SiO2,supercell_2x1x1,equivalent_transform,alpha_cristobalite::reference,alpha_cristobalite,alpha_cristobalite,SiO2,reference,3.1778363428866833e-15,1
smoothed_gd_sigma_0p05,same_formula,alpha_cristobalite::supercell_2x1x1,alpha_cristobalite,alpha_cristobalite,SiO2,supercell_2x1x1,equivalent_transform,coesite::reference,coesite,coesite,SiO2,reference,0.9203509011738205,0
smoothed_gd_sigma_0p05,same_formula,alpha_cristobalite::coord_noise_0.020A,alpha_cristobalite,alpha_cristobalite,SiO2,coord_noise_0.020A,coordinate_perturbation,alpha_quartz::reference,alpha_quartz,alpha_quartz,SiO2,reference,1.0613517414698637,0
smoothed_gd_sigma_0p05,same_formula,alpha_cristobalite::coord_noise_0.020A,alpha_cristobalite,alpha_cristobalite,SiO2,coord_noise_0.020A,coordinate_perturbation,alpha_cristobalite::reference,alpha_cristobalite,alpha_cristobalite,SiO2,reference,0.015307629413544594,1
smoothed_gd_sigma_0p05,same_formula,alpha_cristobalite::coord_noise_0.020A,alpha_cristobalite,alpha_cristobalite,SiO2,coord_noise_0.020A,coordinate_perturbation,coesite::reference,coesite,coesite,SiO2,reference,0.9171509356189665,0
smoothed_gd_sigma_0p05,same_formula,alpha_cristobalite::coord_noise_0.050A,alpha_cristobalite,alpha_cristobalite,SiO2,coord_noise_0.050A,coordinate_perturbation,alpha_quartz::reference,alpha_quartz,alpha_quartz,SiO2,reference,1.05217355222799,0
smoothed_gd_sigma_0p05,same_formula,alpha_cristobalite::coord_noise_0.050A,alpha_cristobalite,alpha_cristobalite,SiO2,coord_noise_0.050A,coordinate_perturbation,alpha_cristobalite::reference,alpha_cristobalite,alpha_cristobalite,SiO2,reference,0.04808795498406726,1
smoothed_gd_sigma_0p05,same_formula,alpha_cristobalite::coord_noise_0.050A,alpha_cristobalite,alpha_cristobalite,SiO2,coord_noise_0.050A,coordinate_perturbation,coesite::reference,coesite,coesite,SiO2,reference,0.9100941613206814,0
smoothed_gd_sigma_0p05,same_formula,alpha_cristobalite::coord_noise_0.100A,alpha_cristobalite,alpha_cristobalite,SiO2,coord_noise_0.100A,coordinate_perturbation,alpha_quartz::reference,alpha_quartz,alpha_quartz,SiO2,reference,0.9865900929424529,0
smoothed_gd_sigma_0p05,same_formula,alpha_cristobalite::coord_noise_0.100A,alpha_cristobalite,alpha_cristobalite,SiO2,coord_noise_0.100A,coordinate_perturbation,alpha_cristobalite::reference,alpha_cristobalite,alpha_cristobalite,SiO2,reference,0.22220434321857319,1
smoothed_gd_sigma_0p05,same_formula,alpha_cristobalite::coord_noise_0.100A,alpha_cristobalite,alpha_cristobalite,SiO2,coord_noise_0.100A,coordinate_perturbation,coesite::reference,coesite,coesite,SiO2,reference,0.8624555742082541,0
smoothed_gd_sigma_0p05,same_formula,alpha_cristobalite::lattice_noise_0.010,alpha_cristobalite,alpha_cristobalite,SiO2,lattice_noise_0.010,lattice_perturbation,alpha_quartz::reference,alpha_quartz,alpha_quartz,SiO2,reference,1.0585324992447447,0
smoothed_gd_sigma_0p05,same_formula,alpha_cristobalite::lattice_noise_0.010,alpha_cristobalite,alpha_cristobalite,SiO2,lattice_noise_0.010,lattice_perturbation,alpha_cristobalite::reference,alpha_cristobalite,alpha_cristobalite,SiO2,reference,0.12587458009583477,1
smoothed_gd_sigma_0p05,same_formula,alpha_cristobalite::lattice_noise_0.010,alpha_cristobalite,alpha_cristobalite,SiO2,lattice_noise_0.010,lattice_perturbation,coesite::reference,coesite,coesite,SiO2,reference,0.9051238030953743,0
smoothed_gd_sigma_0p05,same_formula,alpha_cristobalite::lattice_noise_0.020,alpha_cristobalite,alpha_cristobalite,SiO2,lattice_noise_0.020,lattice_perturbation,alpha_quartz::reference,alpha_quartz,alpha_quartz,SiO2,reference,1.040247722197841,0
smoothed_gd_sigma_0p05,same_formula,alpha_cristobalite::lattice_noise_0.020,alpha_cristobalite,alpha_cristobalite,SiO2,lattice_noise_0.020,lattice_perturbation,alpha_cristobalite::reference,alpha_cristobalite,alpha_cristobalite,SiO2,reference,0.17503055633002715,1
smoothed_gd_sigma_0p05,same_formula,alpha_cristobalite::lattice_noise_0.020,alpha_cristobalite,alpha_cristobalite,SiO2,lattice_noise_0.020,lattice_perturbation,coesite::reference,coesite,coesite,SiO2,reference,0.8852897823757673,0
smoothed_gd_sigma_0p05,same_formula,alpha_cristobalite::lattice_noise_0.050,alpha_cristobalite,alpha_cristobalite,SiO2,lattice_noise_0.050,lattice_perturbation,alpha_quartz::reference,alpha_quartz,alpha_quartz,SiO2,reference,1.0339678651061748,0
smoothed_gd_sigma_0p05,same_formula,alpha_cristobalite::lattice_noise_0.050,alpha_cristobalite,alpha_cristobalite,SiO2,lattice_noise_0.050,lattice_perturbation,alpha_cristobalite::reference,alpha_cristobalite,alpha_cristobalite,SiO2,reference,0.5644710010404435,1
smoothed_gd_sigma_0p05,same_formula,alpha_cristobalite::lattice_noise_0.050,alpha_cristobalite,alpha_cristobalite,SiO2,lattice_noise_0.050,lattice_perturbation,coesite::reference,coesite,coesite,SiO2,reference,0.8901039849753863,0
smoothed_gd_sigma_0p05,same_formula,alpha_cristobalite::combined_noise_0.020A_0.010,alpha_cristobalite,alpha_cristobalite,SiO2,combined_noise_0.020A_0.010,combined_perturbation,alpha_quartz::reference,alpha_quartz,alpha_quartz,SiO2,reference,1.055442520697536,0
smoothed_gd_sigma_0p05,same_formula,alpha_cristobalite::combined_noise_0.020A_0.010,alpha_cristobalite,alpha_cristobalite,SiO2,combined_noise_0.020A_0.010,combined_perturbation,alpha_cristobalite::reference,alpha_cristobalite,alpha_cristobalite,SiO2,reference,0.2028794762989474,1
smoothed_gd_sigma_0p05,same_formula,alpha_cristobalite::combined_noise_0.020A_0.010,alpha_cristobalite,alpha_cristobalite,SiO2,combined_noise_0.020A_0.010,combined_perturbation,coesite::reference,coesite,coesite,SiO2,reference,0.9153953160897133,0
smoothed_gd_sigma_0p05,same_formula,alpha_cristobalite::combined_noise_0.050A_0.020,alpha_cristobalite,alpha_cristobalite,SiO2,combined_noise_0.050A_0.020,combined_perturbation,alpha_quartz::reference,alpha_quartz,alpha_quartz,SiO2,reference,1.0264056689717316,0
smoothed_gd_sigma_0p05,same_formula,alpha_cristobalite::combined_noise_0.050A_0.020,alpha_cristobalite,alpha_cristobalite,SiO2,combined_noise_0.050A_0.020,combined_perturbation,alpha_cristobalite::reference,alpha_cristobalite,alpha_cristobalite,SiO2,reference,0.571089344571024,1
smoothed_gd_sigma_0p05,same_formula,alpha_cristobalite::combined_noise_0.050A_0.020,alpha_cristobalite,alpha_cristobalite,SiO2,combined_noise_0.050A_0.020,combined_perturbation,coesite::reference,coesite,coesite,SiO2,reference,0.8751013559851338,0
smoothed_gd_sigma_0p05,same_formula,alpha_cristobalite::combined_noise_0.100A_0.050,alpha_cristobalite,alpha_cristobalite,SiO2,combined_noise_0.100A_0.050,combined_perturbation,alpha_quartz::reference,alpha_quartz,alpha_quartz,SiO2,reference,1.0573304710373583,0
smoothed_gd_sigma_0p05,same_formula,alpha_cristobalite::combined_noise_0.100A_0.050,alpha_cristobalite,alpha_cristobalite,SiO2,combined_noise_0.100A_0.050,combined_perturbation,alpha_cristobalite::reference,alpha_cristobalite,alpha_cristobalite,SiO2,reference,0.6077394618613932,1
smoothed_gd_sigma_0p05,same_formula,alpha_cristobalite::combined_noise_0.100A_0.050,alpha_cristobalite,alpha_cristobalite,SiO2,combined_noise_0.100A_0.050,combined_perturbation,coesite::reference,coesite,coesite,SiO2,reference,0.8764634713690209,0
smoothed_gd_sigma_0p05,same_formula,coesite::conventional_standard,coesite,coesite,SiO2,conventional_standard,equivalent_transform,alpha_quartz::reference,alpha_quartz,alpha_quartz,SiO2,reference,0.4187315244727998,0
smoothed_gd_sigma_0p05,same_formula,coesite::conventional_standard,coesite,coesite,SiO2,conventional_standard,equivalent_transform,alpha_cristobalite::reference,alpha_cristobalite,alpha_cristobalite,SiO2,reference,0.9202178424430231,0
smoothed_gd_sigma_0p05,same_formula,coesite::conventional_standard,coesite,coesite,SiO2,conventional_standard,equivalent_transform,coesite::reference,coesite,coesite,SiO2,reference,0.007563713790819679,1
smoothed_gd_sigma_0p05,same_formula,coesite::niggli_reduced,coesite,coesite,SiO2,niggli_reduced,equivalent_transform,alpha_quartz::reference,alpha_quartz,alpha_quartz,SiO2,reference,0.41897430238741895,0
smoothed_gd_sigma_0p05,same_formula,coesite::niggli_reduced,coesite,coesite,SiO2,niggli_reduced,equivalent_transform,alpha_cristobalite::reference,alpha_cristobalite,alpha_cristobalite,SiO2,reference,0.9202383183801452,0
smoothed_gd_sigma_0p05,same_formula,coesite::niggli_reduced,coesite,coesite,SiO2,niggli_reduced,equivalent_transform,coesite::reference,coesite,coesite,SiO2,reference,0.009624464083753023,1
smoothed_gd_sigma_0p05,same_formula,coesite::origin_shifted,coesite,coesite,SiO2,origin_shifted,equivalent_transform,alpha_quartz::reference,alpha_quartz,alpha_quartz,SiO2,reference,0.41913746215125486,0
smoothed_gd_sigma_0p05,same_formula,coesite::origin_shifted,coesite,coesite,SiO2,origin_shifted,equivalent_transform,alpha_cristobalite::reference,alpha_cristobalite,alpha_cristobalite,SiO2,reference,0.9203509011738207,0
smoothed_gd_sigma_0p05,same_formula,coesite::origin_shifted,coesite,coesite,SiO2,origin_shifted,equivalent_transform,coesite::reference,coesite,coesite,SiO2,reference,3.520032860997001e-15,1
smoothed_gd_sigma_0p05,same_formula,coesite::permuted_sites,coesite,coesite,SiO2,permuted_sites,equivalent_transform,alpha_quartz::reference,alpha_quartz,alpha_quartz,SiO2,reference,0.4191374621512544,0
smoothed_gd_sigma_0p05,same_formula,coesite::permuted_sites,coesite,coesite,SiO2,permuted_sites,equivalent_transform,alpha_cristobalite::reference,alpha_cristobalite,alpha_cristobalite,SiO2,reference,0.9203509011738203,0
smoothed_gd_sigma_0p05,same_formula,coesite::permuted_sites,coesite,coesite,SiO2,permuted_sites,equivalent_transform,coesite::reference,coesite,coesite,SiO2,reference,1.9094104139791843e-16,1
smoothed_gd_sigma_0p05,same_formula,coesite::supercell_2x1x1,coesite,coesite,SiO2,supercell_2x1x1,equivalent_transform,alpha_quartz::reference,alpha_quartz,alpha_quartz,SiO2,reference,0.4214029485441324,0
smoothed_gd_sigma_0p05,same_formula,coesite::supercell_2x1x1,coesite,coesite,SiO2,supercell_2x1x1,equivalent_transform,alpha_cristobalite::reference,alpha_cristobalite,alpha_cristobalite,SiO2,reference,0.9215842495828522,0
smoothed_gd_sigma_0p05,same_formula,coesite::supercell_2x1x1,coesite,coesite,SiO2,supercell_2x1x1,equivalent_transform,coesite::reference,coesite,coesite,SiO2,reference,0.05396300707594431,1
smoothed_gd_sigma_0p05,same_formula,coesite::coord_noise_0.020A,coesite,coesite,SiO2,coord_noise_0.020A,coordinate_perturbation,alpha_quartz::reference,alpha_quartz,alpha_quartz,SiO2,reference,0.4213250356617834,0
smoothed_gd_sigma_0p05,same_formula,coesite::coord_noise_0.020A,coesite,coesite,SiO2,coord_noise_0.020A,coordinate_perturbation,alpha_cristobalite::reference,alpha_cristobalite,alpha_cristobalite,SiO2,reference,0.9197534513000737,0
smoothed_gd_sigma_0p05,same_formula,coesite::coord_noise_0.020A,coesite,coesite,SiO2,coord_noise_0.020A,coordinate_perturbation,coesite::reference,coesite,coesite,SiO2,reference,0.012037051389670983,1
smoothed_gd_sigma_0p05,same_formula,coesite::coord_noise_0.050A,coesite,coesite,SiO2,coord_noise_0.050A,coordinate_perturbation,alpha_quartz::reference,alpha_quartz,alpha_quartz,SiO2,reference,0.42869012482560576,0
smoothed_gd_sigma_0p05,same_formula,coesite::coord_noise_0.050A,coesite,coesite,SiO2,coord_noise_0.050A,coordinate_perturbation,alpha_cristobalite::reference,alpha_cristobalite,alpha_cristobalite,SiO2,reference,0.9122057845402431,0
smoothed_gd_sigma_0p05,same_formula,coesite::coord_noise_0.050A,coesite,coesite,SiO2,coord_noise_0.050A,coordinate_perturbation,coesite::reference,coesite,coesite,SiO2,reference,0.04792650534770716,1
smoothed_gd_sigma_0p05,same_formula,coesite::coord_noise_0.100A,coesite,coesite,SiO2,coord_noise_0.100A,coordinate_perturbation,alpha_quartz::reference,alpha_quartz,alpha_quartz,SiO2,reference,0.44858165076107326,0
smoothed_gd_sigma_0p05,same_formula,coesite::coord_noise_0.100A,coesite,coesite,SiO2,coord_noise_0.100A,coordinate_perturbation,alpha_cristobalite::reference,alpha_cristobalite,alpha_cristobalite,SiO2,reference,0.8851916308308241,0
smoothed_gd_sigma_0p05,same_formula,coesite::coord_noise_0.100A,coesite,coesite,SiO2,coord_noise_0.100A,coordinate_perturbation,coesite::reference,coesite,coesite,SiO2,reference,0.13499763407726667,1
smoothed_gd_sigma_0p05,same_formula,coesite::lattice_noise_0.010,coesite,coesite,SiO2,lattice_noise_0.010,lattice_perturbation,alpha_quartz::reference,alpha_quartz,alpha_quartz,SiO2,reference,0.5529008815695713,0
smoothed_gd_sigma_0p05,same_formula,coesite::lattice_noise_0.010,coesite,coesite,SiO2,lattice_noise_0.010,lattice_perturbation,alpha_cristobalite::reference,alpha_cristobalite,alpha_cristobalite,SiO2,reference,0.9014079108462095,0
smoothed_gd_sigma_0p05,same_formula,coesite::lattice_noise_0.010,coesite,coesite,SiO2,lattice_noise_0.010,lattice_perturbation,coesite::reference,coesite,coesite,SiO2,reference,0.40804493935332975,1
smoothed_gd_sigma_0p05,same_formula,coesite::lattice_noise_0.020,coesite,coesite,SiO2,lattice_noise_0.020,lattice_perturbation,alpha_quartz::reference,alpha_quartz,alpha_quartz,SiO2,reference,0.468194264296683,0
smoothed_gd_sigma_0p05,same_formula,coesite::lattice_noise_0.020,coesite,coesite,SiO2,lattice_noise_0.020,lattice_perturbation,alpha_cristobalite::reference,alpha_cristobalite,alpha_cristobalite,SiO2,reference,0.9350120271958187,0
smoothed_gd_sigma_0p05,same_formula,coesite::lattice_noise_0.020,coesite,coesite,SiO2,lattice_noise_0.020,lattice_perturbation,coesite::reference,coesite,coesite,SiO2,reference,0.31146948142189484,1
smoothed_gd_sigma_0p05,same_formula,coesite::lattice_noise_0.050,coesite,coesite,SiO2,lattice_noise_0.050,lattice_perturbation,alpha_quartz::reference,alpha_quartz,alpha_quartz,SiO2,reference,0.6893581763362073,0
smoothed_gd_sigma_0p05,same_formula,coesite::lattice_noise_0.050,coesite,coesite,SiO2,lattice_noise_0.050,lattice_perturbation,alpha_cristobalite::reference,alpha_cristobalite,alpha_cristobalite,SiO2,reference,0.915101668454385,0
smoothed_gd_sigma_0p05,same_formula,coesite::lattice_noise_0.050,coesite,coesite,SiO2,lattice_noise_0.050,lattice_perturbation,coesite::reference,coesite,coesite,SiO2,reference,0.4983406498357551,1
smoothed_gd_sigma_0p05,same_formula,coesite::combined_noise_0.020A_0.010,coesite,coesite,SiO2,combined_noise_0.020A_0.010,combined_perturbation,alpha_quartz::reference,alpha_quartz,alpha_quartz,SiO2,reference,0.4470304235228499,0
smoothed_gd_sigma_0p05,same_formula,coesite::combined_noise_0.020A_0.010,coesite,coesite,SiO2,combined_noise_0.020A_0.010,combined_perturbation,alpha_cristobalite::reference,alpha_cristobalite,alpha_cristobalite,SiO2,reference,0.9138009058468135,0
smoothed_gd_sigma_0p05,same_formula,coesite::combined_noise_0.020A_0.010,coesite,coesite,SiO2,combined_noise_0.020A_0.010,combined_perturbation,coesite::reference,coesite,coesite,SiO2,reference,0.09556099744277831,1
smoothed_gd_sigma_0p05,same_formula,coesite::combined_noise_0.050A_0.020,coesite,coesite,SiO2,combined_noise_0.050A_0.020,combined_perturbation,alpha_quartz::reference,alpha_quartz,alpha_quartz,SiO2,reference,0.5582506325117448,0
smoothed_gd_sigma_0p05,same_formula,coesite::combined_noise_0.050A_0.020,coesite,coesite,SiO2,combined_noise_0.050A_0.020,combined_perturbation,alpha_cristobalite::reference,alpha_cristobalite,alpha_cristobalite,SiO2,reference,0.8952095186440564,0
smoothed_gd_sigma_0p05,same_formula,coesite::combined_noise_0.050A_0.020,coesite,coesite,SiO2,combined_noise_0.050A_0.020,combined_perturbation,coesite::reference,coesite,coesite,SiO2,reference,0.2859320781375472,1
smoothed_gd_sigma_0p05,same_formula,coesite::combined_noise_0.100A_0.050,coesite,coesite,SiO2,combined_noise_0.100A_0.050,combined_perturbation,alpha_quartz::reference,alpha_quartz,alpha_quartz,SiO2,reference,0.7757752483587859,0
smoothed_gd_sigma_0p05,same_formula,coesite::combined_noise_0.100A_0.050,coesite,coesite,SiO2,combined_noise_0.100A_0.050,combined_perturbation,alpha_cristobalite::reference,alpha_cristobalite,alpha_cristobalite,SiO2,reference,0.7922231989069186,0
smoothed_gd_sigma_0p05,same_formula,coesite::combined_noise_0.100A_0.050,coesite,coesite,SiO2,combined_noise_0.100A_0.050,combined_perturbation,coesite::reference,coesite,coesite,SiO2,reference,0.5113991687660105,1
smoothed_gd_sigma_0p05,same_formula,anatase::conventional_standard,anatase,anatase,TiO2,conventional_standard,equivalent_transform,anatase::reference,anatase,anatase,TiO2,reference,7.486099276834607e-15,1
smoothed_gd_sigma_0p05,same_formula,anatase::conventional_standard,anatase,anatase,TiO2,conventional_standard,equivalent_transform,rutile::reference,rutile,rutile,TiO2,reference,1.1319508484734924,0
smoothed_gd_sigma_0p05,same_formula,anatase::conventional_standard,anatase,anatase,TiO2,conventional_standard,equivalent_transform,brookite::reference,brookite,brookite,TiO2,reference,0.9245887865917486,0
smoothed_gd_sigma_0p05,same_formula,anatase::niggli_reduced,anatase,anatase,TiO2,niggli_reduced,equivalent_transform,anatase::reference,anatase,anatase,TiO2,reference,3.7330241933587174e-15,1
smoothed_gd_sigma_0p05,same_formula,anatase::niggli_reduced,anatase,anatase,TiO2,niggli_reduced,equivalent_transform,rutile::reference,rutile,rutile,TiO2,reference,1.1319508484734928,0
smoothed_gd_sigma_0p05,same_formula,anatase::niggli_reduced,anatase,anatase,TiO2,niggli_reduced,equivalent_transform,brookite::reference,brookite,brookite,TiO2,reference,0.9245887865917501,0
smoothed_gd_sigma_0p05,same_formula,anatase::origin_shifted,anatase,anatase,TiO2,origin_shifted,equivalent_transform,anatase::reference,anatase,anatase,TiO2,reference,5.049017715444878e-15,1
smoothed_gd_sigma_0p05,same_formula,anatase::origin_shifted,anatase,anatase,TiO2,origin_shifted,equivalent_transform,rutile::reference,rutile,rutile,TiO2,reference,1.1319508484734924,0
smoothed_gd_sigma_0p05,same_formula,anatase::origin_shifted,anatase,anatase,TiO2,origin_shifted,equivalent_transform,brookite::reference,brookite,brookite,TiO2,reference,0.9245887865917499,0
smoothed_gd_sigma_0p05,same_formula,anatase::permuted_sites,anatase,anatase,TiO2,permuted_sites,equivalent_transform,anatase::reference,anatase,anatase,TiO2,reference,7.186670952280659e-16,1
smoothed_gd_sigma_0p05,same_formula,anatase::permuted_sites,anatase,anatase,TiO2,permuted_sites,equivalent_transform,rutile::reference,rutile,rutile,TiO2,reference,1.1319508484734935,0
smoothed_gd_sigma_0p05,same_formula,anatase::permuted_sites,anatase,anatase,TiO2,permuted_sites,equivalent_transform,brookite::reference,brookite,brookite,TiO2,reference,0.924588786591751,0
smoothed_gd_sigma_0p05,same_formula,anatase::supercell_2x1x1,anatase,anatase,TiO2,supercell_2x1x1,equivalent_transform,anatase::reference,anatase,anatase,TiO2,reference,0.04217632381035376,1
smoothed_gd_sigma_0p05,same_formula,anatase::supercell_2x1x1,anatase,anatase,TiO2,supercell_2x1x1,equivalent_transform,rutile::reference,rutile,rutile,TiO2,reference,1.127245480767835,0
smoothed_gd_sigma_0p05,same_formula,anatase::supercell_2x1x1,anatase,anatase,TiO2,supercell_2x1x1,equivalent_transform,brookite::reference,brookite,brookite,TiO2,reference,0.9203805056810691,0
smoothed_gd_sigma_0p05,same_formula,anatase::coord_noise_0.020A,anatase,anatase,TiO2,coord_noise_0.020A,coordinate_perturbation,anatase::reference,anatase,anatase,TiO2,reference,0.005365539709306505,1
smoothed_gd_sigma_0p05,same_formula,anatase::coord_noise_0.020A,anatase,anatase,TiO2,coord_noise_0.020A,coordinate_perturbation,rutile::reference,rutile,rutile,TiO2,reference,1.1302714279890607,0
smoothed_gd_sigma_0p05,same_formula,anatase::coord_noise_0.020A,anatase,anatase,TiO2,coord_noise_0.020A,coordinate_perturbation,brookite::reference,brookite,brookite,TiO2,reference,0.9220444929032426,0
smoothed_gd_sigma_0p05,same_formula,anatase::coord_noise_0.050A,anatase,anatase,TiO2,coord_noise_0.050A,coordinate_perturbation,anatase::reference,anatase,anatase,TiO2,reference,0.042337711578939716,1
smoothed_gd_sigma_0p05,same_formula,anatase::coord_noise_0.050A,anatase,anatase,TiO2,coord_noise_0.050A,coordinate_perturbation,rutile::reference,rutile,rutile,TiO2,reference,1.1201210919573015,0
smoothed_gd_sigma_0p05,same_formula,anatase::coord_noise_0.050A,anatase,anatase,TiO2,coord_noise_0.050A,coordinate_perturbation,brookite::reference,brookite,brookite,TiO2,reference,0.9150477517806318,0
smoothed_gd_sigma_0p05,same_formula,anatase::coord_noise_0.100A,anatase,anatase,TiO2,coord_noise_0.100A,coordinate_perturbation,anatase::reference,anatase,anatase,TiO2,reference,0.22208119408400082,1
smoothed_gd_sigma_0p05,same_formula,anatase::coord_noise_0.100A,anatase,anatase,TiO2,coord_noise_0.100A,coordinate_perturbation,rutile::reference,rutile,rutile,TiO2,reference,1.117551881944374,0
smoothed_gd_sigma_0p05,same_formula,anatase::coord_noise_0.100A,anatase,anatase,TiO2,coord_noise_0.100A,coordinate_perturbation,brookite::reference,brookite,brookite,TiO2,reference,0.8794863772174564,0
smoothed_gd_sigma_0p05,same_formula,anatase::lattice_noise_0.010,anatase,anatase,TiO2,lattice_noise_0.010,lattice_perturbation,anatase::reference,anatase,anatase,TiO2,reference,0.5446344351870125,1
smoothed_gd_sigma_0p05,same_formula,anatase::lattice_noise_0.010,anatase,anatase,TiO2,lattice_noise_0.010,lattice_perturbation,rutile::reference,rutile,rutile,TiO2,reference,1.137427377813922,0
smoothed_gd_sigma_0p05,same_formula,anatase::lattice_noise_0.010,anatase,anatase,TiO2,lattice_noise_0.010,lattice_perturbation,brookite::reference,brookite,brookite,TiO2,reference,0.8179047888117014,0
smoothed_gd_sigma_0p05,same_formula,anatase::lattice_noise_0.020,anatase,anatase,TiO2,lattice_noise_0.020,lattice_perturbation,anatase::reference,anatase,anatase,TiO2,reference,0.7082142108191669,1
smoothed_gd_sigma_0p05,same_formula,anatase::lattice_noise_0.020,anatase,anatase,TiO2,lattice_noise_0.020,lattice_perturbation,rutile::reference,rutile,rutile,TiO2,reference,1.2420695814132974,0
smoothed_gd_sigma_0p05,same_formula,anatase::lattice_noise_0.020,anatase,anatase,TiO2,lattice_noise_0.020,lattice_perturbation,brookite::reference,brookite,brookite,TiO2,reference,1.1350025931618613,0
smoothed_gd_sigma_0p05,same_formula,anatase::lattice_noise_0.050,anatase,anatase,TiO2,lattice_noise_0.050,lattice_perturbation,anatase::reference,anatase,anatase,TiO2,reference,0.806127176227784,1
smoothed_gd_sigma_0p05,same_formula,anatase::lattice_noise_0.050,anatase,anatase,TiO2,lattice_noise_0.050,lattice_perturbation,rutile::reference,rutile,rutile,TiO2,reference,1.1601504297230543,0
smoothed_gd_sigma_0p05,same_formula,anatase::lattice_noise_0.050,anatase,anatase,TiO2,lattice_noise_0.050,lattice_perturbation,brookite::reference,brookite,brookite,TiO2,reference,1.0521067735894938,0
smoothed_gd_sigma_0p05,same_formula,anatase::combined_noise_0.020A_0.010,anatase,anatase,TiO2,combined_noise_0.020A_0.010,combined_perturbation,anatase::reference,anatase,anatase,TiO2,reference,0.4080219840227801,1
smoothed_gd_sigma_0p05,same_formula,anatase::combined_noise_0.020A_0.010,anatase,anatase,TiO2,combined_noise_0.020A_0.010,combined_perturbation,rutile::reference,rutile,rutile,TiO2,reference,1.1888022780538101,0
smoothed_gd_sigma_0p05,same_formula,anatase::combined_noise_0.020A_0.010,anatase,anatase,TiO2,combined_noise_0.020A_0.010,combined_perturbation,brookite::reference,brookite,brookite,TiO2,reference,1.0328223054551338,0
smoothed_gd_sigma_0p05,same_formula,anatase::combined_noise_0.050A_0.020,anatase,anatase,TiO2,combined_noise_0.050A_0.020,combined_perturbation,anatase::reference,anatase,anatase,TiO2,reference,0.23560054912112685,1
smoothed_gd_sigma_0p05,same_formula,anatase::combined_noise_0.050A_0.020,anatase,anatase,TiO2,combined_noise_0.050A_0.020,combined_perturbation,rutile::reference,rutile,rutile,TiO2,reference,1.1026582168480181,0
smoothed_gd_sigma_0p05,same_formula,anatase::combined_noise_0.050A_0.020,anatase,anatase,TiO2,combined_noise_0.050A_0.020,combined_perturbation,brookite::reference,brookite,brookite,TiO2,reference,0.9210007073523655,0
smoothed_gd_sigma_0p05,same_formula,anatase::combined_noise_0.100A_0.050,anatase,anatase,TiO2,combined_noise_0.100A_0.050,combined_perturbation,anatase::reference,anatase,anatase,TiO2,reference,0.6949907153185554,1
smoothed_gd_sigma_0p05,same_formula,anatase::combined_noise_0.100A_0.050,anatase,anatase,TiO2,combined_noise_0.100A_0.050,combined_perturbation,rutile::reference,rutile,rutile,TiO2,reference,1.30578306341232,0
smoothed_gd_sigma_0p05,same_formula,anatase::combined_noise_0.100A_0.050,anatase,anatase,TiO2,combined_noise_0.100A_0.050,combined_perturbation,brookite::reference,brookite,brookite,TiO2,reference,0.9128731393152083,0
smoothed_gd_sigma_0p05,same_formula,rutile::conventional_standard,rutile,rutile,TiO2,conventional_standard,equivalent_transform,anatase::reference,anatase,anatase,TiO2,reference,1.1319508484734935,0
smoothed_gd_sigma_0p05,same_formula,rutile::conventional_standard,rutile,rutile,TiO2,conventional_standard,equivalent_transform,rutile::reference,rutile,rutile,TiO2,reference,0.0,1
smoothed_gd_sigma_0p05,same_formula,rutile::conventional_standard,rutile,rutile,TiO2,conventional_standard,equivalent_transform,brookite::reference,brookite,brookite,TiO2,reference,1.0001742074940405,0
smoothed_gd_sigma_0p05,same_formula,rutile::niggli_reduced,rutile,rutile,TiO2,niggli_reduced,equivalent_transform,anatase::reference,anatase,anatase,TiO2,reference,1.1319508484734944,0
smoothed_gd_sigma_0p05,same_formula,rutile::niggli_reduced,rutile,rutile,TiO2,niggli_reduced,equivalent_transform,rutile::reference,rutile,rutile,TiO2,reference,4.917525694920595e-15,1
smoothed_gd_sigma_0p05,same_formula,rutile::niggli_reduced,rutile,rutile,TiO2,niggli_reduced,equivalent_transform,brookite::reference,brookite,brookite,TiO2,reference,1.0001742074940412,0
smoothed_gd_sigma_0p05,same_formula,rutile::origin_shifted,rutile,rutile,TiO2,origin_shifted,equivalent_transform,anatase::reference,anatase,anatase,TiO2,reference,1.1319508484734935,0
smoothed_gd_sigma_0p05,same_formula,rutile::origin_shifted,rutile,rutile,TiO2,origin_shifted,equivalent_transform,rutile::reference,rutile,rutile,TiO2,reference,3.904436188153145e-16,1
smoothed_gd_sigma_0p05,same_formula,rutile::origin_shifted,rutile,rutile,TiO2,origin_shifted,equivalent_transform,brookite::reference,brookite,brookite,TiO2,reference,1.0001742074940403,0
smoothed_gd_sigma_0p05,same_formula,rutile::permuted_sites,rutile,rutile,TiO2,permuted_sites,equivalent_transform,anatase::reference,anatase,anatase,TiO2,reference,1.1319508484734935,0
smoothed_gd_sigma_0p05,same_formula,rutile::permuted_sites,rutile,rutile,TiO2,permuted_sites,equivalent_transform,rutile::reference,rutile,rutile,TiO2,reference,0.0,1
smoothed_gd_sigma_0p05,same_formula,rutile::permuted_sites,rutile,rutile,TiO2,permuted_sites,equivalent_transform,brookite::reference,brookite,brookite,TiO2,reference,1.0001742074940405,0
smoothed_gd_sigma_0p05,same_formula,rutile::supercell_2x1x1,rutile,rutile,TiO2,supercell_2x1x1,equivalent_transform,anatase::reference,anatase,anatase,TiO2,reference,1.1319508484734935,0
smoothed_gd_sigma_0p05,same_formula,rutile::supercell_2x1x1,rutile,rutile,TiO2,supercell_2x1x1,equivalent_transform,rutile::reference,rutile,rutile,TiO2,reference,3.7738473595967186e-15,1
smoothed_gd_sigma_0p05,same_formula,rutile::supercell_2x1x1,rutile,rutile,TiO2,supercell_2x1x1,equivalent_transform,brookite::reference,brookite,brookite,TiO2,reference,1.0001742074940407,0
smoothed_gd_sigma_0p05,same_formula,rutile::coord_noise_0.020A,rutile,rutile,TiO2,coord_noise_0.020A,coordinate_perturbation,anatase::reference,anatase,anatase,TiO2,reference,1.129859762826648,0
smoothed_gd_sigma_0p05,same_formula,rutile::coord_noise_0.020A,rutile,rutile,TiO2,coord_noise_0.020A,coordinate_perturbation,rutile::reference,rutile,rutile,TiO2,reference,0.01804696987656757,1
smoothed_gd_sigma_0p05,same_formula,rutile::coord_noise_0.020A,rutile,rutile,TiO2,coord_noise_0.020A,coordinate_perturbation,brookite::reference,brookite,brookite,TiO2,reference,1.0002607522291151,0
smoothed_gd_sigma_0p05,same_formula,rutile::coord_noise_0.050A,rutile,rutile,TiO2,coord_noise_0.050A,coordinate_perturbation,anatase::reference,anatase,anatase,TiO2,reference,1.104644961968723,0
smoothed_gd_sigma_0p05,same_formula,rutile::coord_noise_0.050A,rutile,rutile,TiO2,coord_noise_0.050A,coordinate_perturbation,rutile::reference,rutile,rutile,TiO2,reference,0.09386420236091246,1
smoothed_gd_sigma_0p05,same_formula,rutile::coord_noise_0.050A,rutile,rutile,TiO2,coord_noise_0.050A,coordinate_perturbation,brookite::reference,brookite,brookite,TiO2,reference,0.961819915767318,0
smoothed_gd_sigma_0p05,same_formula,rutile::coord_noise_0.100A,rutile,rutile,TiO2,coord_noise_0.100A,coordinate_perturbation,anatase::reference,anatase,anatase,TiO2,reference,1.0631877499057834,0
smoothed_gd_sigma_0p05,same_formula,rutile::coord_noise_0.100A,rutile,rutile,TiO2,coord_noise_0.100A,coordinate_perturbation,rutile::reference,rutile,rutile,TiO2,reference,0.16762275344519822,1
smoothed_gd_sigma_0p05,same_formula,rutile::coord_noise_0.100A,rutile,rutile,TiO2,coord_noise_0.100A,coordinate_perturbation,brookite::reference,brookite,brookite,TiO2,reference,0.9059165779748506,0
smoothed_gd_sigma_0p05,same_formula,rutile::lattice_noise_0.010,rutile,rutile,TiO2,lattice_noise_0.010,lattice_perturbation,anatase::reference,anatase,anatase,TiO2,reference,1.1889664732650365,0
smoothed_gd_sigma_0p05,same_formula,rutile::lattice_noise_0.010,rutile,rutile,TiO2,lattice_noise_0.010,lattice_perturbation,rutile::reference,rutile,rutile,TiO2,reference,0.4659269595207232,1
smoothed_gd_sigma_0p05,same_formula,rutile::lattice_noise_0.010,rutile,rutile,TiO2,lattice_noise_0.010,lattice_perturbation,brookite::reference,brookite,brookite,TiO2,reference,0.9417663383702564,0
smoothed_gd_sigma_0p05,same_formula,rutile::lattice_noise_0.020,rutile,rutile,TiO2,lattice_noise_0.020,lattice_perturbation,anatase::reference,anatase,anatase,TiO2,reference,1.140301239745701,0
smoothed_gd_sigma_0p05,same_formula,rutile::lattice_noise_0.020,rutile,rutile,TiO2,lattice_noise_0.020,lattice_perturbation,rutile::reference,rutile,rutile,TiO2,reference,0.44793401135028343,1
smoothed_gd_sigma_0p05,same_formula,rutile::lattice_noise_0.020,rutile,rutile,TiO2,lattice_noise_0.020,lattice_perturbation,brookite::reference,brookite,brookite,TiO2,reference,0.9758168683669044,0
smoothed_gd_sigma_0p05,same_formula,rutile::lattice_noise_0.050,rutile,rutile,TiO2,lattice_noise_0.050,lattice_perturbation,anatase::reference,anatase,anatase,TiO2,reference,1.1794682296181966,0
smoothed_gd_sigma_0p05,same_formula,rutile::lattice_noise_0.050,rutile,rutile,TiO2,lattice_noise_0.050,lattice_perturbation,rutile::reference,rutile,rutile,TiO2,reference,1.0713983363338935,1
smoothed_gd_sigma_0p05,same_formula,rutile::lattice_noise_0.050,rutile,rutile,TiO2,lattice_noise_0.050,lattice_perturbation,brookite::reference,brookite,brookite,TiO2,reference,1.210625982042762,0
smoothed_gd_sigma_0p05,same_formula,rutile::combined_noise_0.020A_0.010,rutile,rutile,TiO2,combined_noise_0.020A_0.010,combined_perturbation,anatase::reference,anatase,anatase,TiO2,reference,1.1522766307163628,0
smoothed_gd_sigma_0p05,same_formula,rutile::combined_noise_0.020A_0.010,rutile,rutile,TiO2,combined_noise_0.020A_0.010,combined_perturbation,rutile::reference,rutile,rutile,TiO2,reference,0.2305287548163405,1
smoothed_gd_sigma_0p05,same_formula,rutile::combined_noise_0.020A_0.010,rutile,rutile,TiO2,combined_noise_0.020A_0.010,combined_perturbation,brookite::reference,brookite,brookite,TiO2,reference,0.9811639334706307,0
smoothed_gd_sigma_0p05,same_formula,rutile::combined_noise_0.050A_0.020,rutile,rutile,TiO2,combined_noise_0.050A_0.020,combined_perturbation,anatase::reference,anatase,anatase,TiO2,reference,1.0606660715515632,0
smoothed_gd_sigma_0p05,same_formula,rutile::combined_noise_0.050A_0.020,rutile,rutile,TiO2,combined_noise_0.050A_0.020,combined_perturbation,rutile::reference,rutile,rutile,TiO2,reference,0.578330119020173,1
smoothed_gd_sigma_0p05,same_formula,rutile::combined_noise_0.050A_0.020,rutile,rutile,TiO2,combined_noise_0.050A_0.020,combined_perturbation,brookite::reference,brookite,brookite,TiO2,reference,0.9290741122998286,0
smoothed_gd_sigma_0p05,same_formula,rutile::combined_noise_0.100A_0.050,rutile,rutile,TiO2,combined_noise_0.100A_0.050,combined_perturbation,anatase::reference,anatase,anatase,TiO2,reference,1.188934462274403,0
smoothed_gd_sigma_0p05,same_formula,rutile::combined_noise_0.100A_0.050,rutile,rutile,TiO2,combined_noise_0.100A_0.050,combined_perturbation,rutile::reference,rutile,rutile,TiO2,reference,0.9896586744231564,1
smoothed_gd_sigma_0p05,same_formula,rutile::combined_noise_0.100A_0.050,rutile,rutile,TiO2,combined_noise_0.100A_0.050,combined_perturbation,brookite::reference,brookite,brookite,TiO2,reference,0.8996872285187258,0
smoothed_gd_sigma_0p05,same_formula,brookite::conventional_standard,brookite,brookite,TiO2,conventional_standard,equivalent_transform,anatase::reference,anatase,anatase,TiO2,reference,0.9245887865917517,0
smoothed_gd_sigma_0p05,same_formula,brookite::conventional_standard,brookite,brookite,TiO2,conventional_standard,equivalent_transform,rutile::reference,rutile,rutile,TiO2,reference,1.0001742074940403,0
smoothed_gd_sigma_0p05,same_formula,brookite::conventional_standard,brookite,brookite,TiO2,conventional_standard,equivalent_transform,brookite::reference,brookite,brookite,TiO2,reference,7.686419649375892e-15,1
smoothed_gd_sigma_0p05,same_formula,brookite::niggli_reduced,brookite,brookite,TiO2,niggli_reduced,equivalent_transform,anatase::reference,anatase,anatase,TiO2,reference,0.9245887865917513,0
smoothed_gd_sigma_0p05,same_formula,brookite::niggli_reduced,brookite,brookite,TiO2,niggli_reduced,equivalent_transform,rutile::reference,rutile,rutile,TiO2,reference,1.0001742074940405,0
smoothed_gd_sigma_0p05,same_formula,brookite::niggli_reduced,brookite,brookite,TiO2,niggli_reduced,equivalent_transform,brookite::reference,brookite,brookite,TiO2,reference,0.0,1
smoothed_gd_sigma_0p05,same_formula,brookite::origin_shifted,brookite,brookite,TiO2,origin_shifted,equivalent_transform,anatase::reference,anatase,anatase,TiO2,reference,0.9245887865917504,0
smoothed_gd_sigma_0p05,same_formula,brookite::origin_shifted,brookite,brookite,TiO2,origin_shifted,equivalent_transform,rutile::reference,rutile,rutile,TiO2,reference,1.0001742074940396,0
smoothed_gd_sigma_0p05,same_formula,brookite::origin_shifted,brookite,brookite,TiO2,origin_shifted,equivalent_transform,brookite::reference,brookite,brookite,TiO2,reference,6.408648928008131e-15,1
smoothed_gd_sigma_0p05,same_formula,brookite::permuted_sites,brookite,brookite,TiO2,permuted_sites,equivalent_transform,anatase::reference,anatase,anatase,TiO2,reference,0.9245887865917511,0
smoothed_gd_sigma_0p05,same_formula,brookite::permuted_sites,brookite,brookite,TiO2,permuted_sites,equivalent_transform,rutile::reference,rutile,rutile,TiO2,reference,1.0001742074940405,0
smoothed_gd_sigma_0p05,same_formula,brookite::permuted_sites,brookite,brookite,TiO2,permuted_sites,equivalent_transform,brookite::reference,brookite,brookite,TiO2,reference,1.1926048533185485e-15,1
smoothed_gd_sigma_0p05,same_formula,brookite::supercell_2x1x1,brookite,brookite,TiO2,supercell_2x1x1,equivalent_transform,anatase::reference,anatase,anatase,TiO2,reference,0.9245887865917513,0
smoothed_gd_sigma_0p05,same_formula,brookite::supercell_2x1x1,brookite,brookite,TiO2,supercell_2x1x1,equivalent_transform,rutile::reference,rutile,rutile,TiO2,reference,1.0001742074940403,0
smoothed_gd_sigma_0p05,same_formula,brookite::supercell_2x1x1,brookite,brookite,TiO2,supercell_2x1x1,equivalent_transform,brookite::reference,brookite,brookite,TiO2,reference,4.722742294834431e-15,1
smoothed_gd_sigma_0p05,same_formula,brookite::coord_noise_0.020A,brookite,brookite,TiO2,coord_noise_0.020A,coordinate_perturbation,anatase::reference,anatase,anatase,TiO2,reference,0.9223136970259959,0
smoothed_gd_sigma_0p05,same_formula,brookite::coord_noise_0.020A,brookite,brookite,TiO2,coord_noise_0.020A,coordinate_perturbation,rutile::reference,rutile,rutile,TiO2,reference,1.0015454017790566,0
smoothed_gd_sigma_0p05,same_formula,brookite::coord_noise_0.020A,brookite,brookite,TiO2,coord_noise_0.020A,coordinate_perturbation,brookite::reference,brookite,brookite,TiO2,reference,0.020044454580720024,1
smoothed_gd_sigma_0p05,same_formula,brookite::coord_noise_0.050A,brookite,brookite,TiO2,coord_noise_0.050A,coordinate_perturbation,anatase::reference,anatase,anatase,TiO2,reference,0.9268383852647066,0
smoothed_gd_sigma_0p05,same_formula,brookite::coord_noise_0.050A,brookite,brookite,TiO2,coord_noise_0.050A,coordinate_perturbation,rutile::reference,rutile,rutile,TiO2,reference,1.0024178332973583,0
smoothed_gd_sigma_0p05,same_formula,brookite::coord_noise_0.050A,brookite,brookite,TiO2,coord_noise_0.050A,coordinate_perturbation,brookite::reference,brookite,brookite,TiO2,reference,0.03822945905843989,1
smoothed_gd_sigma_0p05,same_formula,brookite::coord_noise_0.100A,brookite,brookite,TiO2,coord_noise_0.100A,coordinate_perturbation,anatase::reference,anatase,anatase,TiO2,reference,0.8956559922878198,0
smoothed_gd_sigma_0p05,same_formula,brookite::coord_noise_0.100A,brookite,brookite,TiO2,coord_noise_0.100A,coordinate_perturbation,rutile::reference,rutile,rutile,TiO2,reference,0.9737122759805215,0
smoothed_gd_sigma_0p05,same_formula,brookite::coord_noise_0.100A,brookite,brookite,TiO2,coord_noise_0.100A,coordinate_perturbation,brookite::reference,brookite,brookite,TiO2,reference,0.1271414668528488,1
smoothed_gd_sigma_0p05,same_formula,brookite::lattice_noise_0.010,brookite,brookite,TiO2,lattice_noise_0.010,lattice_perturbation,anatase::reference,anatase,anatase,TiO2,reference,0.9036740672300233,0
smoothed_gd_sigma_0p05,same_formula,brookite::lattice_noise_0.010,brookite,brookite,TiO2,lattice_noise_0.010,lattice_perturbation,rutile::reference,rutile,rutile,TiO2,reference,1.0178906466011717,0
smoothed_gd_sigma_0p05,same_formula,brookite::lattice_noise_0.010,brookite,brookite,TiO2,lattice_noise_0.010,lattice_perturbation,brookite::reference,brookite,brookite,TiO2,reference,0.15926363295025295,1
smoothed_gd_sigma_0p05,same_formula,brookite::lattice_noise_0.020,brookite,brookite,TiO2,lattice_noise_0.020,lattice_perturbation,anatase::reference,anatase,anatase,TiO2,reference,1.0914310159932363,0
smoothed_gd_sigma_0p05,same_formula,brookite::lattice_noise_0.020,brookite,brookite,TiO2,lattice_noise_0.020,lattice_perturbation,rutile::reference,rutile,rutile,TiO2,reference,1.1176798676663782,0
smoothed_gd_sigma_0p05,same_formula,brookite::lattice_noise_0.020,brookite,brookite,TiO2,lattice_noise_0.020,lattice_perturbation,brookite::reference,brookite,brookite,TiO2,reference,0.5149675086083558,1
smoothed_gd_sigma_0p05,same_formula,brookite::lattice_noise_0.050,brookite,brookite,TiO2,lattice_noise_0.050,lattice_perturbation,anatase::reference,anatase,anatase,TiO2,reference,1.0037100830530061,0
smoothed_gd_sigma_0p05,same_formula,brookite::lattice_noise_0.050,brookite,brookite,TiO2,lattice_noise_0.050,lattice_perturbation,rutile::reference,rutile,rutile,TiO2,reference,1.1128945049208452,0
smoothed_gd_sigma_0p05,same_formula,brookite::lattice_noise_0.050,brookite,brookite,TiO2,lattice_noise_0.050,lattice_perturbation,brookite::reference,brookite,brookite,TiO2,reference,0.5149286713019138,1
smoothed_gd_sigma_0p05,same_formula,brookite::combined_noise_0.020A_0.010,brookite,brookite,TiO2,combined_noise_0.020A_0.010,combined_perturbation,anatase::reference,anatase,anatase,TiO2,reference,1.0594411528077343,0
smoothed_gd_sigma_0p05,same_formula,brookite::combined_noise_0.020A_0.010,brookite,brookite,TiO2,combined_noise_0.020A_0.010,combined_perturbation,rutile::reference,rutile,rutile,TiO2,reference,1.1021763248648853,0
smoothed_gd_sigma_0p05,same_formula,brookite::combined_noise_0.020A_0.010,brookite,brookite,TiO2,combined_noise_0.020A_0.010,combined_perturbation,brookite::reference,brookite,brookite,TiO2,reference,0.2659797066132527,1
smoothed_gd_sigma_0p05,same_formula,brookite::combined_noise_0.050A_0.020,brookite,brookite,TiO2,combined_noise_0.050A_0.020,combined_perturbation,anatase::reference,anatase,anatase,TiO2,reference,0.9278658842031584,0
smoothed_gd_sigma_0p05,same_formula,brookite::combined_noise_0.050A_0.020,brookite,brookite,TiO2,combined_noise_0.050A_0.020,combined_perturbation,rutile::reference,rutile,rutile,TiO2,reference,1.040674524026754,0
smoothed_gd_sigma_0p05,same_formula,brookite::combined_noise_0.050A_0.020,brookite,brookite,TiO2,combined_noise_0.050A_0.020,combined_perturbation,brookite::reference,brookite,brookite,TiO2,reference,0.24105846081184643,1
smoothed_gd_sigma_0p05,same_formula,brookite::combined_noise_0.100A_0.050,brookite,brookite,TiO2,combined_noise_0.100A_0.050,combined_perturbation,anatase::reference,anatase,anatase,TiO2,reference,0.9400660789385802,0
smoothed_gd_sigma_0p05,same_formula,brookite::combined_noise_0.100A_0.050,brookite,brookite,TiO2,combined_noise_0.100A_0.050,combined_perturbation,rutile::reference,rutile,rutile,TiO2,reference,0.9927956807303674,0
smoothed_gd_sigma_0p05,same_formula,brookite::combined_noise_0.100A_0.050,brookite,brookite,TiO2,combined_noise_0.100A_0.050,combined_perturbation,brookite::reference,brookite,brookite,TiO2,reference,0.5862304436013469,1
