setting,pool_scope,query_id,query_parent_id,query_display_name,query_family_name,query_variant,query_variant_family,true_parent_matched,candidate_count,num_matches,false_positives,false_negatives,matched_reference_ids,query_runtime_seconds
strict,same_formula,diamond::conventional_standard,diamond,diamond,C,conventional_standard,equivalent_transform,1,2,1,0,0,diamond::reference,0.15712970902677625
strict,same_formula,diamond::niggli_reduced,diamond,diamond,C,niggli_reduced,equivalent_transform,1,2,1,0,0,diamond::reference,0.016688167001120746
strict,same_formula,diamond::origin_shifted,diamond,diamond,C,origin_shifted,equivalent_transform,1,2,1,0,0,diamond::reference,0.03703612496610731
strict,same_formula,diamond::permuted_sites,diamond,diamond,C,permuted_sites,equivalent_transform,1,2,1,0,0,diamond::reference,0.009411999955773354
strict,same_formula,diamond::supercell_2x1x1,diamond,diamond,C,supercell_2x1x1,equivalent_transform,1,2,1,0,0,diamond::reference,0.02218837500549853
strict,same_formula,diamond::coord_noise_0.020A,diamond,diamond,C,coord_noise_0.020A,coordinate_perturbation,1,2,1,0,0,diamond::reference,0.012024041032418609
strict,same_formula,diamond::coord_noise_0.050A,diamond,diamond,C,coord_noise_0.050A,coordinate_perturbation,1,2,1,0,0,diamond::reference,0.014297667075879872
strict,same_formula,diamond::coord_noise_0.100A,diamond,diamond,C,coord_noise_0.100A,coordinate_perturbation,1,2,1,0,0,diamond::reference,0.013704167096875608
strict,same_formula,diamond::lattice_noise_0.010,diamond,diamond,C,lattice_noise_0.010,lattice_perturbation,1,2,1,0,0,diamond::reference,0.011785999988205731
strict,same_formula,diamond::lattice_noise_0.020,diamond,diamond,C,lattice_noise_0.020,lattice_perturbation,1,2,1,0,0,diamond::reference,0.012070958036929369
strict,same_formula,diamond::lattice_noise_0.050,diamond,diamond,C,lattice_noise_0.050,lattice_perturbation,0,2,0,0,1,,0.007909458014182746
strict,same_formula,diamond::combined_noise_0.020A_0.010,diamond,diamond,C,combined_noise_0.020A_0.010,combined_perturbation,1,2,1,0,0,diamond::reference,0.011549249989911914
strict,same_formula,diamond::combined_noise_0.050A_0.020,diamond,diamond,C,combined_noise_0.050A_0.020,combined_perturbation,1,2,1,0,0,diamond::reference,0.008606917108409107
strict,same_formula,diamond::combined_noise_0.100A_0.050,diamond,diamond,C,combined_noise_0.100A_0.050,combined_perturbation,1,2,1,0,0,diamond::reference,0.01234812499023974
strict,same_formula,graphite::conventional_standard,graphite,graphite,C,conventional_standard,equivalent_transform,1,2,1,0,0,graphite::reference,0.022182582993991673
strict,same_formula,graphite::niggli_reduced,graphite,graphite,C,niggli_reduced,equivalent_transform,1,2,1,0,0,graphite::reference,0.015167500008828938
strict,same_formula,graphite::origin_shifted,graphite,graphite,C,origin_shifted,equivalent_transform,1,2,1,0,0,graphite::reference,0.018480124999769032
strict,same_formula,graphite::permuted_sites,graphite,graphite,C,permuted_sites,equivalent_transform,1,2,1,0,0,graphite::reference,0.028467707918025553
strict,same_formula,graphite::supercell_2x1x1,graphite,graphite,C,supercell_2x1x1,equivalent_transform,1,2,1,0,0,graphite::reference,0.018965583061799407
strict,same_formula,graphite::coord_noise_0.020A,graphite,graphite,C,coord_noise_0.020A,coordinate_perturbation,1,2,1,0,0,graphite::reference,0.02760499995201826
strict,same_formula,graphite::coord_noise_0.050A,graphite,graphite,C,coord_noise_0.050A,coordinate_perturbation,1,2,1,0,0,graphite::reference,0.10117937508039176
strict,same_formula,graphite::coord_noise_0.100A,graphite,graphite,C,coord_noise_0.100A,coordinate_perturbation,1,2,1,0,0,graphite::reference,0.0304965830873698
strict,same_formula,graphite::lattice_noise_0.010,graphite,graphite,C,lattice_noise_0.010,lattice_perturbation,1,2,1,0,0,graphite::reference,0.020122583955526352
strict,same_formula,graphite::lattice_noise_0.020,graphite,graphite,C,lattice_noise_0.020,lattice_perturbation,1,2,1,0,0,graphite::reference,0.015754208085127175
strict,same_formula,graphite::lattice_noise_0.050,graphite,graphite,C,lattice_noise_0.050,lattice_perturbation,0,2,0,0,1,,0.013497874955646694
strict,same_formula,graphite::combined_noise_0.020A_0.010,graphite,graphite,C,combined_noise_0.020A_0.010,combined_perturbation,1,2,1,0,0,graphite::reference,0.017998042050749063
strict,same_formula,graphite::combined_noise_0.050A_0.020,graphite,graphite,C,combined_noise_0.050A_0.020,combined_perturbation,1,2,1,0,0,graphite::reference,0.020338083966635168
strict,same_formula,graphite::combined_noise_0.100A_0.050,graphite,graphite,C,combined_noise_0.100A_0.050,combined_perturbation,0,2,0,0,1,,0.016723708948120475
strict,same_formula,alpha_quartz::conventional_standard,alpha_quartz,alpha_quartz,SiO2,conventional_standard,equivalent_transform,1,3,1,0,0,alpha_quartz::reference,0.033908791025169194
strict,same_formula,alpha_quartz::niggli_reduced,alpha_quartz,alpha_quartz,SiO2,niggli_reduced,equivalent_transform,1,3,1,0,0,alpha_quartz::reference,0.03793933300767094
strict,same_formula,alpha_quartz::origin_shifted,alpha_quartz,alpha_quartz,SiO2,origin_shifted,equivalent_transform,1,3,1,0,0,alpha_quartz::reference,0.03387520893011242
strict,same_formula,alpha_quartz::permuted_sites,alpha_quartz,alpha_quartz,SiO2,permuted_sites,equivalent_transform,1,3,1,0,0,alpha_quartz::reference,0.05001670797355473
strict,same_formula,alpha_quartz::supercell_2x1x1,alpha_quartz,alpha_quartz,SiO2,supercell_2x1x1,equivalent_transform,1,3,1,0,0,alpha_quartz::reference,0.050991374999284744
strict,same_formula,alpha_quartz::coord_noise_0.020A,alpha_quartz,alpha_quartz,SiO2,coord_noise_0.020A,coordinate_perturbation,1,3,1,0,0,alpha_quartz::reference,0.05116000003181398
strict,same_formula,alpha_quartz::coord_noise_0.050A,alpha_quartz,alpha_quartz,SiO2,coord_noise_0.050A,coordinate_perturbation,1,3,1,0,0,alpha_quartz::reference,0.045033291913568974
strict,same_formula,alpha_quartz::coord_noise_0.100A,alpha_quartz,alpha_quartz,SiO2,coord_noise_0.100A,coordinate_perturbation,1,3,1,0,0,alpha_quartz::reference,0.04459154198411852
strict,same_formula,alpha_quartz::lattice_noise_0.010,alpha_quartz,alpha_quartz,SiO2,lattice_noise_0.010,lattice_perturbation,1,3,1,0,0,alpha_quartz::reference,0.038674833020195365
strict,same_formula,alpha_quartz::lattice_noise_0.020,alpha_quartz,alpha_quartz,SiO2,lattice_noise_0.020,lattice_perturbation,1,3,1,0,0,alpha_quartz::reference,0.044175666058436036
strict,same_formula,alpha_quartz::lattice_noise_0.050,alpha_quartz,alpha_quartz,SiO2,lattice_noise_0.050,lattice_perturbation,1,3,1,0,0,alpha_quartz::reference,0.037756624980829656
strict,same_formula,alpha_quartz::combined_noise_0.020A_0.010,alpha_quartz,alpha_quartz,SiO2,combined_noise_0.020A_0.010,combined_perturbation,1,3,1,0,0,alpha_quartz::reference,0.09781991608906537
strict,same_formula,alpha_quartz::combined_noise_0.050A_0.020,alpha_quartz,alpha_quartz,SiO2,combined_noise_0.050A_0.020,combined_perturbation,1,3,1,0,0,alpha_quartz::reference,0.04254225001204759
strict,same_formula,alpha_quartz::combined_noise_0.100A_0.050,alpha_quartz,alpha_quartz,SiO2,combined_noise_0.100A_0.050,combined_perturbation,1,3,1,0,0,alpha_quartz::reference,0.0520312919979915
strict,same_formula,alpha_cristobalite::conventional_standard,alpha_cristobalite,alpha_cristobalite,SiO2,conventional_standard,equivalent_transform,1,3,1,0,0,alpha_cristobalite::reference,0.044821000075899065
strict,same_formula,alpha_cristobalite::niggli_reduced,alpha_cristobalite,alpha_cristobalite,SiO2,niggli_reduced,equivalent_transform,1,3,1,0,0,alpha_cristobalite::reference,0.03863637498579919
strict,same_formula,alpha_cristobalite::origin_shifted,alpha_cristobalite,alpha_cristobalite,SiO2,origin_shifted,equivalent_transform,1,3,1,0,0,alpha_cristobalite::reference,0.08205245796125382
strict,same_formula,alpha_cristobalite::permuted_sites,alpha_cristobalite,alpha_cristobalite,SiO2,permuted_sites,equivalent_transform,1,3,1,0,0,alpha_cristobalite::reference,0.12900299998000264
strict,same_formula,alpha_cristobalite::supercell_2x1x1,alpha_cristobalite,alpha_cristobalite,SiO2,supercell_2x1x1,equivalent_transform,1,3,1,0,0,alpha_cristobalite::reference,0.08278516703285277
strict,same_formula,alpha_cristobalite::coord_noise_0.020A,alpha_cristobalite,alpha_cristobalite,SiO2,coord_noise_0.020A,coordinate_perturbation,1,3,1,0,0,alpha_cristobalite::reference,0.050897708046250045
strict,same_formula,alpha_cristobalite::coord_noise_0.050A,alpha_cristobalite,alpha_cristobalite,SiO2,coord_noise_0.050A,coordinate_perturbation,1,3,1,0,0,alpha_cristobalite::reference,0.04811495798639953
strict,same_formula,alpha_cristobalite::coord_noise_0.100A,alpha_cristobalite,alpha_cristobalite,SiO2,coord_noise_0.100A,coordinate_perturbation,0,3,0,0,1,,0.07052974996622652
strict,same_formula,alpha_cristobalite::lattice_noise_0.010,alpha_cristobalite,alpha_cristobalite,SiO2,lattice_noise_0.010,lattice_perturbation,1,3,1,0,0,alpha_cristobalite::reference,0.25765154196415097
strict,same_formula,alpha_cristobalite::lattice_noise_0.020,alpha_cristobalite,alpha_cristobalite,SiO2,lattice_noise_0.020,lattice_perturbation,1,3,1,0,0,alpha_cristobalite::reference,0.05967379198409617
strict,same_formula,alpha_cristobalite::lattice_noise_0.050,alpha_cristobalite,alpha_cristobalite,SiO2,lattice_noise_0.050,lattice_perturbation,1,3,1,0,0,alpha_cristobalite::reference,0.05167866707779467
strict,same_formula,alpha_cristobalite::combined_noise_0.020A_0.010,alpha_cristobalite,alpha_cristobalite,SiO2,combined_noise_0.020A_0.010,combined_perturbation,1,3,1,0,0,alpha_cristobalite::reference,0.049200916080735624
strict,same_formula,alpha_cristobalite::combined_noise_0.050A_0.020,alpha_cristobalite,alpha_cristobalite,SiO2,combined_noise_0.050A_0.020,combined_perturbation,1,3,1,0,0,alpha_cristobalite::reference,0.04799345799256116
strict,same_formula,alpha_cristobalite::combined_noise_0.100A_0.050,alpha_cristobalite,alpha_cristobalite,SiO2,combined_noise_0.100A_0.050,combined_perturbation,1,3,1,0,0,alpha_cristobalite::reference,0.0490893330425024
strict,same_formula,coesite::conventional_standard,coesite,coesite,SiO2,conventional_standard,equivalent_transform,1,3,1,0,0,coesite::reference,0.11627962498459965
strict,same_formula,coesite::niggli_reduced,coesite,coesite,SiO2,niggli_reduced,equivalent_transform,1,3,1,0,0,coesite::reference,0.057163249934092164
strict,same_formula,coesite::origin_shifted,coesite,coesite,SiO2,origin_shifted,equivalent_transform,1,3,1,0,0,coesite::reference,0.059776625013910234
strict,same_formula,coesite::permuted_sites,coesite,coesite,SiO2,permuted_sites,equivalent_transform,1,3,1,0,0,coesite::reference,0.2086060829460621
strict,same_formula,coesite::supercell_2x1x1,coesite,coesite,SiO2,supercell_2x1x1,equivalent_transform,1,3,1,0,0,coesite::reference,0.11522991699166596
strict,same_formula,coesite::coord_noise_0.020A,coesite,coesite,SiO2,coord_noise_0.020A,coordinate_perturbation,1,3,1,0,0,coesite::reference,0.07973649993073195
strict,same_formula,coesite::coord_noise_0.050A,coesite,coesite,SiO2,coord_noise_0.050A,coordinate_perturbation,1,3,1,0,0,coesite::reference,0.1350441670510918
strict,same_formula,coesite::coord_noise_0.100A,coesite,coesite,SiO2,coord_noise_0.100A,coordinate_perturbation,0,3,0,0,1,,0.132199167041108
strict,same_formula,coesite::lattice_noise_0.010,coesite,coesite,SiO2,lattice_noise_0.010,lattice_perturbation,1,3,1,0,0,coesite::reference,0.09469862503465265
strict,same_formula,coesite::lattice_noise_0.020,coesite,coesite,SiO2,lattice_noise_0.020,lattice_perturbation,1,3,1,0,0,coesite::reference,0.29119012493174523
strict,same_formula,coesite::lattice_noise_0.050,coesite,coesite,SiO2,lattice_noise_0.050,lattice_perturbation,1,3,1,0,0,coesite::reference,0.14016337494831532
strict,same_formula,coesite::combined_noise_0.020A_0.010,coesite,coesite,SiO2,combined_noise_0.020A_0.010,combined_perturbation,1,3,1,0,0,coesite::reference,0.09420041693374515
strict,same_formula,coesite::combined_noise_0.050A_0.020,coesite,coesite,SiO2,combined_noise_0.050A_0.020,combined_perturbation,1,3,1,0,0,coesite::reference,0.07220941700506955
strict,same_formula,coesite::combined_noise_0.100A_0.050,coesite,coesite,SiO2,combined_noise_0.100A_0.050,combined_perturbation,0,3,0,0,1,,0.06756904197391123
strict,same_formula,anatase::conventional_standard,anatase,anatase,TiO2,conventional_standard,equivalent_transform,1,3,1,0,0,anatase::reference,0.11441254196688533
strict,same_formula,anatase::niggli_reduced,anatase,anatase,TiO2,niggli_reduced,equivalent_transform,1,3,1,0,0,anatase::reference,0.09275158296804875
strict,same_formula,anatase::origin_shifted,anatase,anatase,TiO2,origin_shifted,equivalent_transform,1,3,1,0,0,anatase::reference,0.22800004109740257
strict,same_formula,anatase::permuted_sites,anatase,anatase,TiO2,permuted_sites,equivalent_transform,1,3,1,0,0,anatase::reference,0.2714307919377461
strict,same_formula,anatase::supercell_2x1x1,anatase,anatase,TiO2,supercell_2x1x1,equivalent_transform,1,3,1,0,0,anatase::reference,0.12970149994362146
strict,same_formula,anatase::coord_noise_0.020A,anatase,anatase,TiO2,coord_noise_0.020A,coordinate_perturbation,1,3,1,0,0,anatase::reference,0.10569500003475696
strict,same_formula,anatase::coord_noise_0.050A,anatase,anatase,TiO2,coord_noise_0.050A,coordinate_perturbation,1,3,1,0,0,anatase::reference,0.11466941609978676
strict,same_formula,anatase::coord_noise_0.100A,anatase,anatase,TiO2,coord_noise_0.100A,coordinate_perturbation,0,3,0,0,1,,0.1560484159272164
strict,same_formula,anatase::lattice_noise_0.010,anatase,anatase,TiO2,lattice_noise_0.010,lattice_perturbation,1,3,1,0,0,anatase::reference,0.05917400005273521
strict,same_formula,anatase::lattice_noise_0.020,anatase,anatase,TiO2,lattice_noise_0.020,lattice_perturbation,1,3,1,0,0,anatase::reference,0.11034545791335404
strict,same_formula,anatase::lattice_noise_0.050,anatase,anatase,TiO2,lattice_noise_0.050,lattice_perturbation,1,3,1,0,0,anatase::reference,0.038717790972441435
strict,same_formula,anatase::combined_noise_0.020A_0.010,anatase,anatase,TiO2,combined_noise_0.020A_0.010,combined_perturbation,1,3,1,0,0,anatase::reference,0.17726654198486358
strict,same_formula,anatase::combined_noise_0.050A_0.020,anatase,anatase,TiO2,combined_noise_0.050A_0.020,combined_perturbation,1,3,1,0,0,anatase::reference,0.09605820791330189
strict,same_formula,anatase::combined_noise_0.100A_0.050,anatase,anatase,TiO2,combined_noise_0.100A_0.050,combined_perturbation,1,3,1,0,0,anatase::reference,0.05086725007276982
strict,same_formula,rutile::conventional_standard,rutile,rutile,TiO2,conventional_standard,equivalent_transform,1,3,1,0,0,rutile::reference,0.05939624994061887
strict,same_formula,rutile::niggli_reduced,rutile,rutile,TiO2,niggli_reduced,equivalent_transform,1,3,1,0,0,rutile::reference,0.034170040977187455
strict,same_formula,rutile::origin_shifted,rutile,rutile,TiO2,origin_shifted,equivalent_transform,1,3,1,0,0,rutile::reference,0.03782666602637619
strict,same_formula,rutile::permuted_sites,rutile,rutile,TiO2,permuted_sites,equivalent_transform,1,3,1,0,0,rutile::reference,0.054502291954122484
strict,same_formula,rutile::supercell_2x1x1,rutile,rutile,TiO2,supercell_2x1x1,equivalent_transform,1,3,1,0,0,rutile::reference,0.04235729097854346
strict,same_formula,rutile::coord_noise_0.020A,rutile,rutile,TiO2,coord_noise_0.020A,coordinate_perturbation,1,3,1,0,0,rutile::reference,0.04375675006303936
strict,same_formula,rutile::coord_noise_0.050A,rutile,rutile,TiO2,coord_noise_0.050A,coordinate_perturbation,1,3,1,0,0,rutile::reference,0.044260915950872004
strict,same_formula,rutile::coord_noise_0.100A,rutile,rutile,TiO2,coord_noise_0.100A,coordinate_perturbation,0,3,0,0,1,,0.05990937491878867
strict,same_formula,rutile::lattice_noise_0.010,rutile,rutile,TiO2,lattice_noise_0.010,lattice_perturbation,1,3,1,0,0,rutile::reference,0.11799595889169723
strict,same_formula,rutile::lattice_noise_0.020,rutile,rutile,TiO2,lattice_noise_0.020,lattice_perturbation,1,3,1,0,0,rutile::reference,0.16840304201468825
strict,same_formula,rutile::lattice_noise_0.050,rutile,rutile,TiO2,lattice_noise_0.050,lattice_perturbation,1,3,1,0,0,rutile::reference,0.04233483399730176
strict,same_formula,rutile::combined_noise_0.020A_0.010,rutile,rutile,TiO2,combined_noise_0.020A_0.010,combined_perturbation,1,3,1,0,0,rutile::reference,0.05233745905570686
strict,same_formula,rutile::combined_noise_0.050A_0.020,rutile,rutile,TiO2,combined_noise_0.050A_0.020,combined_perturbation,1,3,1,0,0,rutile::reference,0.06958166707772762
strict,same_formula,rutile::combined_noise_0.100A_0.050,rutile,rutile,TiO2,combined_noise_0.100A_0.050,combined_perturbation,1,3,1,0,0,rutile::reference,0.07845520798582584
strict,same_formula,brookite::conventional_standard,brookite,brookite,TiO2,conventional_standard,equivalent_transform,1,3,1,0,0,brookite::reference,0.1523102909559384
strict,same_formula,brookite::niggli_reduced,brookite,brookite,TiO2,niggli_reduced,equivalent_transform,1,3,1,0,0,brookite::reference,0.1840557079995051
strict,same_formula,brookite::origin_shifted,brookite,brookite,TiO2,origin_shifted,equivalent_transform,1,3,1,0,0,brookite::reference,0.3244862920837477
strict,same_formula,brookite::permuted_sites,brookite,brookite,TiO2,permuted_sites,equivalent_transform,1,3,1,0,0,brookite::reference,0.32850325002800673
strict,same_formula,brookite::supercell_2x1x1,brookite,brookite,TiO2,supercell_2x1x1,equivalent_transform,1,3,1,0,0,brookite::reference,0.2569086250150576
strict,same_formula,brookite::coord_noise_0.020A,brookite,brookite,TiO2,coord_noise_0.020A,coordinate_perturbation,1,3,1,0,0,brookite::reference,0.2056343329604715
strict,same_formula,brookite::coord_noise_0.050A,brookite,brookite,TiO2,coord_noise_0.050A,coordinate_perturbation,1,3,1,0,0,brookite::reference,0.18154041597153991
strict,same_formula,brookite::coord_noise_0.100A,brookite,brookite,TiO2,coord_noise_0.100A,coordinate_perturbation,0,3,0,0,1,,0.2209817919647321
strict,same_formula,brookite::lattice_noise_0.010,brookite,brookite,TiO2,lattice_noise_0.010,lattice_perturbation,1,3,1,0,0,brookite::reference,0.3729832910466939
strict,same_formula,brookite::lattice_noise_0.020,brookite,brookite,TiO2,lattice_noise_0.020,lattice_perturbation,1,3,1,0,0,brookite::reference,0.18659804202616215
strict,same_formula,brookite::lattice_noise_0.050,brookite,brookite,TiO2,lattice_noise_0.050,lattice_perturbation,1,3,1,0,0,brookite::reference,0.09680441697128117
strict,same_formula,brookite::combined_noise_0.020A_0.010,brookite,brookite,TiO2,combined_noise_0.020A_0.010,combined_perturbation,1,3,1,0,0,brookite::reference,0.1037530000321567
strict,same_formula,brookite::combined_noise_0.050A_0.020,brookite,brookite,TiO2,combined_noise_0.050A_0.020,combined_perturbation,1,3,1,0,0,brookite::reference,0.1369663750519976
strict,same_formula,brookite::combined_noise_0.100A_0.050,brookite,brookite,TiO2,combined_noise_0.100A_0.050,combined_perturbation,0,3,0,0,1,,0.2176082080695778
medium,same_formula,diamond::conventional_standard,diamond,diamond,C,conventional_standard,equivalent_transform,1,2,1,0,0,diamond::reference,0.018368792021647096
medium,same_formula,diamond::niggli_reduced,diamond,diamond,C,niggli_reduced,equivalent_transform,1,2,1,0,0,diamond::reference,0.013574332930147648
medium,same_formula,diamond::origin_shifted,diamond,diamond,C,origin_shifted,equivalent_transform,1,2,1,0,0,diamond::reference,0.008139625075273216
medium,same_formula,diamond::permuted_sites,diamond,diamond,C,permuted_sites,equivalent_transform,1,2,1,0,0,diamond::reference,0.008364750072360039
medium,same_formula,diamond::supercell_2x1x1,diamond,diamond,C,supercell_2x1x1,equivalent_transform,1,2,1,0,0,diamond::reference,0.009847083012573421
medium,same_formula,diamond::coord_noise_0.020A,diamond,diamond,C,coord_noise_0.020A,coordinate_perturbation,1,2,1,0,0,diamond::reference,0.008113541058264673
medium,same_formula,diamond::coord_noise_0.050A,diamond,diamond,C,coord_noise_0.050A,coordinate_perturbation,1,2,1,0,0,diamond::reference,0.015342208091169596
medium,same_formula,diamond::coord_noise_0.100A,diamond,diamond,C,coord_noise_0.100A,coordinate_perturbation,1,2,1,0,0,diamond::reference,0.00946379208471626
medium,same_formula,diamond::lattice_noise_0.010,diamond,diamond,C,lattice_noise_0.010,lattice_perturbation,1,2,1,0,0,diamond::reference,0.009201667038723826
medium,same_formula,diamond::lattice_noise_0.020,diamond,diamond,C,lattice_noise_0.020,lattice_perturbation,1,2,1,0,0,diamond::reference,0.009382165968418121
medium,same_formula,diamond::lattice_noise_0.050,diamond,diamond,C,lattice_noise_0.050,lattice_perturbation,1,2,1,0,0,diamond::reference,0.008719000034034252
medium,same_formula,diamond::combined_noise_0.020A_0.010,diamond,diamond,C,combined_noise_0.020A_0.010,combined_perturbation,1,2,1,0,0,diamond::reference,0.00808058399707079
medium,same_formula,diamond::combined_noise_0.050A_0.020,diamond,diamond,C,combined_noise_0.050A_0.020,combined_perturbation,1,2,1,0,0,diamond::reference,0.0075779169565066695
medium,same_formula,diamond::combined_noise_0.100A_0.050,diamond,diamond,C,combined_noise_0.100A_0.050,combined_perturbation,1,2,1,0,0,diamond::reference,0.008615833008661866
medium,same_formula,graphite::conventional_standard,graphite,graphite,C,conventional_standard,equivalent_transform,1,2,1,0,0,graphite::reference,0.011106666992418468
medium,same_formula,graphite::niggli_reduced,graphite,graphite,C,niggli_reduced,equivalent_transform,1,2,1,0,0,graphite::reference,0.0096355410059914
medium,same_formula,graphite::origin_shifted,graphite,graphite,C,origin_shifted,equivalent_transform,1,2,1,0,0,graphite::reference,0.009130915976129472
medium,same_formula,graphite::permuted_sites,graphite,graphite,C,permuted_sites,equivalent_transform,1,2,1,0,0,graphite::reference,0.012594416970387101
medium,same_formula,graphite::supercell_2x1x1,graphite,graphite,C,supercell_2x1x1,equivalent_transform,1,2,1,0,0,graphite::reference,0.012783124926500022
medium,same_formula,graphite::coord_noise_0.020A,graphite,graphite,C,coord_noise_0.020A,coordinate_perturbation,1,2,1,0,0,graphite::reference,0.010893792030401528
medium,same_formula,graphite::coord_noise_0.050A,graphite,graphite,C,coord_noise_0.050A,coordinate_perturbation,1,2,1,0,0,graphite::reference,0.010848875041119754
medium,same_formula,graphite::coord_noise_0.100A,graphite,graphite,C,coord_noise_0.100A,coordinate_perturbation,1,2,1,0,0,graphite::reference,0.013021874940022826
medium,same_formula,graphite::lattice_noise_0.010,graphite,graphite,C,lattice_noise_0.010,lattice_perturbation,1,2,1,0,0,graphite::reference,0.009224415989592671
medium,same_formula,graphite::lattice_noise_0.020,graphite,graphite,C,lattice_noise_0.020,lattice_perturbation,1,2,1,0,0,graphite::reference,0.0074889580719172955
medium,same_formula,graphite::lattice_noise_0.050,graphite,graphite,C,lattice_noise_0.050,lattice_perturbation,1,2,1,0,0,graphite::reference,0.008481541997753084
medium,same_formula,graphite::combined_noise_0.020A_0.010,graphite,graphite,C,combined_noise_0.020A_0.010,combined_perturbation,1,2,1,0,0,graphite::reference,0.007868082961067557
medium,same_formula,graphite::combined_noise_0.050A_0.020,graphite,graphite,C,combined_noise_0.050A_0.020,combined_perturbation,1,2,1,0,0,graphite::reference,0.008726833970285952
medium,same_formula,graphite::combined_noise_0.100A_0.050,graphite,graphite,C,combined_noise_0.100A_0.050,combined_perturbation,1,2,1,0,0,graphite::reference,0.007926041958853602
medium,same_formula,alpha_quartz::conventional_standard,alpha_quartz,alpha_quartz,SiO2,conventional_standard,equivalent_transform,1,3,1,0,0,alpha_quartz::reference,0.04471108294092119
medium,same_formula,alpha_quartz::niggli_reduced,alpha_quartz,alpha_quartz,SiO2,niggli_reduced,equivalent_transform,1,3,1,0,0,alpha_quartz::reference,0.04543445899616927
medium,same_formula,alpha_quartz::origin_shifted,alpha_quartz,alpha_quartz,SiO2,origin_shifted,equivalent_transform,1,3,1,0,0,alpha_quartz::reference,0.04652129195164889
medium,same_formula,alpha_quartz::permuted_sites,alpha_quartz,alpha_quartz,SiO2,permuted_sites,equivalent_transform,1,3,1,0,0,alpha_quartz::reference,0.0428782079834491
medium,same_formula,alpha_quartz::supercell_2x1x1,alpha_quartz,alpha_quartz,SiO2,supercell_2x1x1,equivalent_transform,1,3,1,0,0,alpha_quartz::reference,0.10063124995213002
medium,same_formula,alpha_quartz::coord_noise_0.020A,alpha_quartz,alpha_quartz,SiO2,coord_noise_0.020A,coordinate_perturbation,1,3,1,0,0,alpha_quartz::reference,0.08845833293162286
medium,same_formula,alpha_quartz::coord_noise_0.050A,alpha_quartz,alpha_quartz,SiO2,coord_noise_0.050A,coordinate_perturbation,1,3,1,0,0,alpha_quartz::reference,0.11575995804741979
medium,same_formula,alpha_quartz::coord_noise_0.100A,alpha_quartz,alpha_quartz,SiO2,coord_noise_0.100A,coordinate_perturbation,1,3,1,0,0,alpha_quartz::reference,0.0813592920312658
medium,same_formula,alpha_quartz::lattice_noise_0.010,alpha_quartz,alpha_quartz,SiO2,lattice_noise_0.010,lattice_perturbation,1,3,1,0,0,alpha_quartz::reference,0.060573749942705035
medium,same_formula,alpha_quartz::lattice_noise_0.020,alpha_quartz,alpha_quartz,SiO2,lattice_noise_0.020,lattice_perturbation,1,3,1,0,0,alpha_quartz::reference,0.0860567920608446
medium,same_formula,alpha_quartz::lattice_noise_0.050,alpha_quartz,alpha_quartz,SiO2,lattice_noise_0.050,lattice_perturbation,1,3,1,0,0,alpha_quartz::reference,0.0532111250795424
medium,same_formula,alpha_quartz::combined_noise_0.020A_0.010,alpha_quartz,alpha_quartz,SiO2,combined_noise_0.020A_0.010,combined_perturbation,1,3,1,0,0,alpha_quartz::reference,0.06240399996750057
medium,same_formula,alpha_quartz::combined_noise_0.050A_0.020,alpha_quartz,alpha_quartz,SiO2,combined_noise_0.050A_0.020,combined_perturbation,1,3,1,0,0,alpha_quartz::reference,0.07105058408342302
medium,same_formula,alpha_quartz::combined_noise_0.100A_0.050,alpha_quartz,alpha_quartz,SiO2,combined_noise_0.100A_0.050,combined_perturbation,1,3,1,0,0,alpha_quartz::reference,0.19407024991232902
medium,same_formula,alpha_cristobalite::conventional_standard,alpha_cristobalite,alpha_cristobalite,SiO2,conventional_standard,equivalent_transform,1,3,1,0,0,alpha_cristobalite::reference,0.21140604198444635
medium,same_formula,alpha_cristobalite::niggli_reduced,alpha_cristobalite,alpha_cristobalite,SiO2,niggli_reduced,equivalent_transform,1,3,1,0,0,alpha_cristobalite::reference,0.06266616692300886
medium,same_formula,alpha_cristobalite::origin_shifted,alpha_cristobalite,alpha_cristobalite,SiO2,origin_shifted,equivalent_transform,1,3,1,0,0,alpha_cristobalite::reference,0.05633533408399671
medium,same_formula,alpha_cristobalite::permuted_sites,alpha_cristobalite,alpha_cristobalite,SiO2,permuted_sites,equivalent_transform,1,3,1,0,0,alpha_cristobalite::reference,0.09130187495611608
medium,same_formula,alpha_cristobalite::supercell_2x1x1,alpha_cristobalite,alpha_cristobalite,SiO2,supercell_2x1x1,equivalent_transform,1,3,1,0,0,alpha_cristobalite::reference,0.09217412502039224
medium,same_formula,alpha_cristobalite::coord_noise_0.020A,alpha_cristobalite,alpha_cristobalite,SiO2,coord_noise_0.020A,coordinate_perturbation,1,3,1,0,0,alpha_cristobalite::reference,0.07052120799198747
medium,same_formula,alpha_cristobalite::coord_noise_0.050A,alpha_cristobalite,alpha_cristobalite,SiO2,coord_noise_0.050A,coordinate_perturbation,1,3,1,0,0,alpha_cristobalite::reference,0.07256424997467548
medium,same_formula,alpha_cristobalite::coord_noise_0.100A,alpha_cristobalite,alpha_cristobalite,SiO2,coord_noise_0.100A,coordinate_perturbation,1,3,1,0,0,alpha_cristobalite::reference,0.06949870800599456
medium,same_formula,alpha_cristobalite::lattice_noise_0.010,alpha_cristobalite,alpha_cristobalite,SiO2,lattice_noise_0.010,lattice_perturbation,1,3,1,0,0,alpha_cristobalite::reference,0.09751933300867677
medium,same_formula,alpha_cristobalite::lattice_noise_0.020,alpha_cristobalite,alpha_cristobalite,SiO2,lattice_noise_0.020,lattice_perturbation,1,3,1,0,0,alpha_cristobalite::reference,0.05300329194869846
medium,same_formula,alpha_cristobalite::lattice_noise_0.050,alpha_cristobalite,alpha_cristobalite,SiO2,lattice_noise_0.050,lattice_perturbation,1,3,1,0,0,alpha_cristobalite::reference,0.08758608298376203
medium,same_formula,alpha_cristobalite::combined_noise_0.020A_0.010,alpha_cristobalite,alpha_cristobalite,SiO2,combined_noise_0.020A_0.010,combined_perturbation,1,3,1,0,0,alpha_cristobalite::reference,0.05638391699176282
medium,same_formula,alpha_cristobalite::combined_noise_0.050A_0.020,alpha_cristobalite,alpha_cristobalite,SiO2,combined_noise_0.050A_0.020,combined_perturbation,1,3,1,0,0,alpha_cristobalite::reference,0.04932624998036772
medium,same_formula,alpha_cristobalite::combined_noise_0.100A_0.050,alpha_cristobalite,alpha_cristobalite,SiO2,combined_noise_0.100A_0.050,combined_perturbation,1,3,1,0,0,alpha_cristobalite::reference,0.0539070829981938
medium,same_formula,coesite::conventional_standard,coesite,coesite,SiO2,conventional_standard,equivalent_transform,1,3,1,0,0,coesite::reference,0.27459791593719274
medium,same_formula,coesite::niggli_reduced,coesite,coesite,SiO2,niggli_reduced,equivalent_transform,1,3,1,0,0,coesite::reference,0.07254045805893838
medium,same_formula,coesite::origin_shifted,coesite,coesite,SiO2,origin_shifted,equivalent_transform,1,3,1,0,0,coesite::reference,0.12788320798426867
medium,same_formula,coesite::permuted_sites,coesite,coesite,SiO2,permuted_sites,equivalent_transform,1,3,1,0,0,coesite::reference,0.0945549999596551
medium,same_formula,coesite::supercell_2x1x1,coesite,coesite,SiO2,supercell_2x1x1,equivalent_transform,1,3,1,0,0,coesite::reference,0.11150762508623302
medium,same_formula,coesite::coord_noise_0.020A,coesite,coesite,SiO2,coord_noise_0.020A,coordinate_perturbation,1,3,1,0,0,coesite::reference,0.06328175007365644
medium,same_formula,coesite::coord_noise_0.050A,coesite,coesite,SiO2,coord_noise_0.050A,coordinate_perturbation,1,3,1,0,0,coesite::reference,0.06447608291637152
medium,same_formula,coesite::coord_noise_0.100A,coesite,coesite,SiO2,coord_noise_0.100A,coordinate_perturbation,1,3,1,0,0,coesite::reference,0.057732040993869305
medium,same_formula,coesite::lattice_noise_0.010,coesite,coesite,SiO2,lattice_noise_0.010,lattice_perturbation,1,3,1,0,0,coesite::reference,0.10931091604288667
medium,same_formula,coesite::lattice_noise_0.020,coesite,coesite,SiO2,lattice_noise_0.020,lattice_perturbation,1,3,1,0,0,coesite::reference,0.061074000084772706
medium,same_formula,coesite::lattice_noise_0.050,coesite,coesite,SiO2,lattice_noise_0.050,lattice_perturbation,1,3,1,0,0,coesite::reference,0.06446362496353686
medium,same_formula,coesite::combined_noise_0.020A_0.010,coesite,coesite,SiO2,combined_noise_0.020A_0.010,combined_perturbation,1,3,1,0,0,coesite::reference,0.06185654201544821
medium,same_formula,coesite::combined_noise_0.050A_0.020,coesite,coesite,SiO2,combined_noise_0.050A_0.020,combined_perturbation,1,3,1,0,0,coesite::reference,0.05892529198899865
medium,same_formula,coesite::combined_noise_0.100A_0.050,coesite,coesite,SiO2,combined_noise_0.100A_0.050,combined_perturbation,1,3,1,0,0,coesite::reference,0.09773337503429502
medium,same_formula,anatase::conventional_standard,anatase,anatase,TiO2,conventional_standard,equivalent_transform,1,3,1,0,0,anatase::reference,0.0983443750301376
medium,same_formula,anatase::niggli_reduced,anatase,anatase,TiO2,niggli_reduced,equivalent_transform,1,3,1,0,0,anatase::reference,0.221272167051211
medium,same_formula,anatase::origin_shifted,anatase,anatase,TiO2,origin_shifted,equivalent_transform,1,3,1,0,0,anatase::reference,0.08092479209881276
medium,same_formula,anatase::permuted_sites,anatase,anatase,TiO2,permuted_sites,equivalent_transform,1,3,1,0,0,anatase::reference,0.09573220799211413
medium,same_formula,anatase::supercell_2x1x1,anatase,anatase,TiO2,supercell_2x1x1,equivalent_transform,1,3,1,0,0,anatase::reference,0.09960037504788488
medium,same_formula,anatase::coord_noise_0.020A,anatase,anatase,TiO2,coord_noise_0.020A,coordinate_perturbation,1,3,1,0,0,anatase::reference,0.08163295802660286
medium,same_formula,anatase::coord_noise_0.050A,anatase,anatase,TiO2,coord_noise_0.050A,coordinate_perturbation,1,3,1,0,0,anatase::reference,0.08212729194201529
medium,same_formula,anatase::coord_noise_0.100A,anatase,anatase,TiO2,coord_noise_0.100A,coordinate_perturbation,1,3,1,0,0,anatase::reference,0.12285545805934817
medium,same_formula,anatase::lattice_noise_0.010,anatase,anatase,TiO2,lattice_noise_0.010,lattice_perturbation,1,3,1,0,0,anatase::reference,0.08082250005099922
medium,same_formula,anatase::lattice_noise_0.020,anatase,anatase,TiO2,lattice_noise_0.020,lattice_perturbation,1,3,1,0,0,anatase::reference,0.08106949995271862
medium,same_formula,anatase::lattice_noise_0.050,anatase,anatase,TiO2,lattice_noise_0.050,lattice_perturbation,1,3,1,0,0,anatase::reference,0.08071866689715534
medium,same_formula,anatase::combined_noise_0.020A_0.010,anatase,anatase,TiO2,combined_noise_0.020A_0.010,combined_perturbation,1,3,1,0,0,anatase::reference,0.0892327920300886
medium,same_formula,anatase::combined_noise_0.050A_0.020,anatase,anatase,TiO2,combined_noise_0.050A_0.020,combined_perturbation,1,3,1,0,0,anatase::reference,0.09414037503302097
medium,same_formula,anatase::combined_noise_0.100A_0.050,anatase,anatase,TiO2,combined_noise_0.100A_0.050,combined_perturbation,1,3,1,0,0,anatase::reference,0.092897167080082
medium,same_formula,rutile::conventional_standard,rutile,rutile,TiO2,conventional_standard,equivalent_transform,1,3,1,0,0,rutile::reference,0.12725358305033296
medium,same_formula,rutile::niggli_reduced,rutile,rutile,TiO2,niggli_reduced,equivalent_transform,1,3,1,0,0,rutile::reference,0.05917554209008813
medium,same_formula,rutile::origin_shifted,rutile,rutile,TiO2,origin_shifted,equivalent_transform,1,3,1,0,0,rutile::reference,0.04732491704635322
medium,same_formula,rutile::permuted_sites,rutile,rutile,TiO2,permuted_sites,equivalent_transform,1,3,1,0,0,rutile::reference,0.05538366595283151
medium,same_formula,rutile::supercell_2x1x1,rutile,rutile,TiO2,supercell_2x1x1,equivalent_transform,1,3,1,0,0,rutile::reference,0.05100733402650803
medium,same_formula,rutile::coord_noise_0.020A,rutile,rutile,TiO2,coord_noise_0.020A,coordinate_perturbation,1,3,1,0,0,rutile::reference,0.0494046249659732
medium,same_formula,rutile::coord_noise_0.050A,rutile,rutile,TiO2,coord_noise_0.050A,coordinate_perturbation,1,3,1,0,0,rutile::reference,0.04748566704802215
medium,same_formula,rutile::coord_noise_0.100A,rutile,rutile,TiO2,coord_noise_0.100A,coordinate_perturbation,1,3,1,0,0,rutile::reference,0.0932309579802677
medium,same_formula,rutile::lattice_noise_0.010,rutile,rutile,TiO2,lattice_noise_0.010,lattice_perturbation,1,3,1,0,0,rutile::reference,0.12483729200903326
medium,same_formula,rutile::lattice_noise_0.020,rutile,rutile,TiO2,lattice_noise_0.020,lattice_perturbation,1,3,1,0,0,rutile::reference,0.06512916693463922
medium,same_formula,rutile::lattice_noise_0.050,rutile,rutile,TiO2,lattice_noise_0.050,lattice_perturbation,1,3,1,0,0,rutile::reference,0.057059124927036464
medium,same_formula,rutile::combined_noise_0.020A_0.010,rutile,rutile,TiO2,combined_noise_0.020A_0.010,combined_perturbation,1,3,1,0,0,rutile::reference,0.11342975008301437
medium,same_formula,rutile::combined_noise_0.050A_0.020,rutile,rutile,TiO2,combined_noise_0.050A_0.020,combined_perturbation,1,3,1,0,0,rutile::reference,0.06245054199825972
medium,same_formula,rutile::combined_noise_0.100A_0.050,rutile,rutile,TiO2,combined_noise_0.100A_0.050,combined_perturbation,1,3,1,0,0,rutile::reference,0.09229079203214496
medium,same_formula,brookite::conventional_standard,brookite,brookite,TiO2,conventional_standard,equivalent_transform,1,3,1,0,0,brookite::reference,0.1427139169536531
medium,same_formula,brookite::niggli_reduced,brookite,brookite,TiO2,niggli_reduced,equivalent_transform,1,3,1,0,0,brookite::reference,0.15467212500516325
medium,same_formula,brookite::origin_shifted,brookite,brookite,TiO2,origin_shifted,equivalent_transform,1,3,1,0,0,brookite::reference,0.19552454201038927
medium,same_formula,brookite::permuted_sites,brookite,brookite,TiO2,permuted_sites,equivalent_transform,1,3,1,0,0,brookite::reference,0.1609146249247715
medium,same_formula,brookite::supercell_2x1x1,brookite,brookite,TiO2,supercell_2x1x1,equivalent_transform,1,3,1,0,0,brookite::reference,0.21601345809176564
medium,same_formula,brookite::coord_noise_0.020A,brookite,brookite,TiO2,coord_noise_0.020A,coordinate_perturbation,1,3,1,0,0,brookite::reference,0.25855070794932544
medium,same_formula,brookite::coord_noise_0.050A,brookite,brookite,TiO2,coord_noise_0.050A,coordinate_perturbation,1,3,1,0,0,brookite::reference,0.1340674579842016
medium,same_formula,brookite::coord_noise_0.100A,brookite,brookite,TiO2,coord_noise_0.100A,coordinate_perturbation,1,3,1,0,0,brookite::reference,0.1356053330237046
medium,same_formula,brookite::lattice_noise_0.010,brookite,brookite,TiO2,lattice_noise_0.010,lattice_perturbation,1,3,1,0,0,brookite::reference,0.185570125002414
medium,same_formula,brookite::lattice_noise_0.020,brookite,brookite,TiO2,lattice_noise_0.020,lattice_perturbation,1,3,1,0,0,brookite::reference,0.1594401659676805
medium,same_formula,brookite::lattice_noise_0.050,brookite,brookite,TiO2,lattice_noise_0.050,lattice_perturbation,1,3,1,0,0,brookite::reference,0.11601724999491125
medium,same_formula,brookite::combined_noise_0.020A_0.010,brookite,brookite,TiO2,combined_noise_0.020A_0.010,combined_perturbation,1,3,1,0,0,brookite::reference,0.12536887510214
medium,same_formula,brookite::combined_noise_0.050A_0.020,brookite,brookite,TiO2,combined_noise_0.050A_0.020,combined_perturbation,1,3,1,0,0,brookite::reference,0.1769803329370916
medium,same_formula,brookite::combined_noise_0.100A_0.050,brookite,brookite,TiO2,combined_noise_0.100A_0.050,combined_perturbation,1,3,1,0,0,brookite::reference,0.11608820804394782
loose,same_formula,diamond::conventional_standard,diamond,diamond,C,conventional_standard,equivalent_transform,1,2,1,0,0,diamond::reference,0.013692875043489039
loose,same_formula,diamond::niggli_reduced,diamond,diamond,C,niggli_reduced,equivalent_transform,1,2,1,0,0,diamond::reference,0.009158666944131255
loose,same_formula,diamond::origin_shifted,diamond,diamond,C,origin_shifted,equivalent_transform,1,2,1,0,0,diamond::reference,0.009804459055885673
loose,same_formula,diamond::permuted_sites,diamond,diamond,C,permuted_sites,equivalent_transform,1,2,1,0,0,diamond::reference,0.00910837494302541
loose,same_formula,diamond::supercell_2x1x1,diamond,diamond,C,supercell_2x1x1,equivalent_transform,1,2,1,0,0,diamond::reference,0.011280582984909415
loose,same_formula,diamond::coord_noise_0.020A,diamond,diamond,C,coord_noise_0.020A,coordinate_perturbation,1,2,1,0,0,diamond::reference,0.009176959050819278
loose,same_formula,diamond::coord_noise_0.050A,diamond,diamond,C,coord_noise_0.050A,coordinate_perturbation,1,2,1,0,0,diamond::reference,0.07282529107760638
loose,same_formula,diamond::coord_noise_0.100A,diamond,diamond,C,coord_noise_0.100A,coordinate_perturbation,1,2,1,0,0,diamond::reference,0.02558549994137138
loose,same_formula,diamond::lattice_noise_0.010,diamond,diamond,C,lattice_noise_0.010,lattice_perturbation,1,2,1,0,0,diamond::reference,0.011506999959237874
loose,same_formula,diamond::lattice_noise_0.020,diamond,diamond,C,lattice_noise_0.020,lattice_perturbation,1,2,1,0,0,diamond::reference,0.010623999987728894
loose,same_formula,diamond::lattice_noise_0.050,diamond,diamond,C,lattice_noise_0.050,lattice_perturbation,1,2,1,0,0,diamond::reference,0.012322082999162376
loose,same_formula,diamond::combined_noise_0.020A_0.010,diamond,diamond,C,combined_noise_0.020A_0.010,combined_perturbation,1,2,1,0,0,diamond::reference,0.01101591601036489
loose,same_formula,diamond::combined_noise_0.050A_0.020,diamond,diamond,C,combined_noise_0.050A_0.020,combined_perturbation,1,2,1,0,0,diamond::reference,0.010554375010542572
loose,same_formula,diamond::combined_noise_0.100A_0.050,diamond,diamond,C,combined_noise_0.100A_0.050,combined_perturbation,1,2,1,0,0,diamond::reference,0.013256083009764552
loose,same_formula,graphite::conventional_standard,graphite,graphite,C,conventional_standard,equivalent_transform,1,2,1,0,0,graphite::reference,0.012645540991798043
loose,same_formula,graphite::niggli_reduced,graphite,graphite,C,niggli_reduced,equivalent_transform,1,2,1,0,0,graphite::reference,0.011143916985020041
loose,same_formula,graphite::origin_shifted,graphite,graphite,C,origin_shifted,equivalent_transform,1,2,1,0,0,graphite::reference,0.0120311250211671
loose,same_formula,graphite::permuted_sites,graphite,graphite,C,permuted_sites,equivalent_transform,1,2,1,0,0,graphite::reference,0.012999875005334616
loose,same_formula,graphite::supercell_2x1x1,graphite,graphite,C,supercell_2x1x1,equivalent_transform,1,2,1,0,0,graphite::reference,0.013834749930538237
loose,same_formula,graphite::coord_noise_0.020A,graphite,graphite,C,coord_noise_0.020A,coordinate_perturbation,1,2,1,0,0,graphite::reference,0.012718125013634562
loose,same_formula,graphite::coord_noise_0.050A,graphite,graphite,C,coord_noise_0.050A,coordinate_perturbation,1,2,1,0,0,graphite::reference,0.01350345800165087
loose,same_formula,graphite::coord_noise_0.100A,graphite,graphite,C,coord_noise_0.100A,coordinate_perturbation,1,2,1,0,0,graphite::reference,0.013717834022827446
loose,same_formula,graphite::lattice_noise_0.010,graphite,graphite,C,lattice_noise_0.010,lattice_perturbation,1,2,1,0,0,graphite::reference,0.01057720894459635
loose,same_formula,graphite::lattice_noise_0.020,graphite,graphite,C,lattice_noise_0.020,lattice_perturbation,1,2,1,0,0,graphite::reference,0.012385374982841313
loose,same_formula,graphite::lattice_noise_0.050,graphite,graphite,C,lattice_noise_0.050,lattice_perturbation,1,2,1,0,0,graphite::reference,0.006873290985822678
loose,same_formula,graphite::combined_noise_0.020A_0.010,graphite,graphite,C,combined_noise_0.020A_0.010,combined_perturbation,1,2,1,0,0,graphite::reference,0.011767125106416643
loose,same_formula,graphite::combined_noise_0.050A_0.020,graphite,graphite,C,combined_noise_0.050A_0.020,combined_perturbation,1,2,1,0,0,graphite::reference,0.011773291975259781
loose,same_formula,graphite::combined_noise_0.100A_0.050,graphite,graphite,C,combined_noise_0.100A_0.050,combined_perturbation,1,2,1,0,0,graphite::reference,0.008916042046621442
loose,same_formula,alpha_quartz::conventional_standard,alpha_quartz,alpha_quartz,SiO2,conventional_standard,equivalent_transform,1,3,1,0,0,alpha_quartz::reference,0.1042194579495117
loose,same_formula,alpha_quartz::niggli_reduced,alpha_quartz,alpha_quartz,SiO2,niggli_reduced,equivalent_transform,1,3,1,0,0,alpha_quartz::reference,0.059223458054475486
loose,same_formula,alpha_quartz::origin_shifted,alpha_quartz,alpha_quartz,SiO2,origin_shifted,equivalent_transform,1,3,1,0,0,alpha_quartz::reference,0.061161458026617765
loose,same_formula,alpha_quartz::permuted_sites,alpha_quartz,alpha_quartz,SiO2,permuted_sites,equivalent_transform,1,3,1,0,0,alpha_quartz::reference,0.06904695800039917
loose,same_formula,alpha_quartz::supercell_2x1x1,alpha_quartz,alpha_quartz,SiO2,supercell_2x1x1,equivalent_transform,1,3,1,0,0,alpha_quartz::reference,0.08745670795906335
loose,same_formula,alpha_quartz::coord_noise_0.020A,alpha_quartz,alpha_quartz,SiO2,coord_noise_0.020A,coordinate_perturbation,1,3,1,0,0,alpha_quartz::reference,0.06647604203317314
loose,same_formula,alpha_quartz::coord_noise_0.050A,alpha_quartz,alpha_quartz,SiO2,coord_noise_0.050A,coordinate_perturbation,1,3,1,0,0,alpha_quartz::reference,0.06523895799182355
loose,same_formula,alpha_quartz::coord_noise_0.100A,alpha_quartz,alpha_quartz,SiO2,coord_noise_0.100A,coordinate_perturbation,1,3,1,0,0,alpha_quartz::reference,0.1157445419812575
loose,same_formula,alpha_quartz::lattice_noise_0.010,alpha_quartz,alpha_quartz,SiO2,lattice_noise_0.010,lattice_perturbation,1,3,1,0,0,alpha_quartz::reference,0.061413291026838124
loose,same_formula,alpha_quartz::lattice_noise_0.020,alpha_quartz,alpha_quartz,SiO2,lattice_noise_0.020,lattice_perturbation,1,3,1,0,0,alpha_quartz::reference,0.057429666980169713
loose,same_formula,alpha_quartz::lattice_noise_0.050,alpha_quartz,alpha_quartz,SiO2,lattice_noise_0.050,lattice_perturbation,1,3,1,0,0,alpha_quartz::reference,0.05816050001885742
loose,same_formula,alpha_quartz::combined_noise_0.020A_0.010,alpha_quartz,alpha_quartz,SiO2,combined_noise_0.020A_0.010,combined_perturbation,1,3,1,0,0,alpha_quartz::reference,0.0552959170890972
loose,same_formula,alpha_quartz::combined_noise_0.050A_0.020,alpha_quartz,alpha_quartz,SiO2,combined_noise_0.050A_0.020,combined_perturbation,1,3,1,0,0,alpha_quartz::reference,0.050908417091704905
loose,same_formula,alpha_quartz::combined_noise_0.100A_0.050,alpha_quartz,alpha_quartz,SiO2,combined_noise_0.100A_0.050,combined_perturbation,1,3,1,0,0,alpha_quartz::reference,0.05206937494222075
loose,same_formula,alpha_cristobalite::conventional_standard,alpha_cristobalite,alpha_cristobalite,SiO2,conventional_standard,equivalent_transform,1,3,1,0,0,alpha_cristobalite::reference,0.10105183406267315
loose,same_formula,alpha_cristobalite::niggli_reduced,alpha_cristobalite,alpha_cristobalite,SiO2,niggli_reduced,equivalent_transform,1,3,1,0,0,alpha_cristobalite::reference,0.03332245897036046
loose,same_formula,alpha_cristobalite::origin_shifted,alpha_cristobalite,alpha_cristobalite,SiO2,origin_shifted,equivalent_transform,1,3,1,0,0,alpha_cristobalite::reference,0.02921762503683567
loose,same_formula,alpha_cristobalite::permuted_sites,alpha_cristobalite,alpha_cristobalite,SiO2,permuted_sites,equivalent_transform,1,3,1,0,0,alpha_cristobalite::reference,0.08103183307684958
loose,same_formula,alpha_cristobalite::supercell_2x1x1,alpha_cristobalite,alpha_cristobalite,SiO2,supercell_2x1x1,equivalent_transform,1,3,1,0,0,alpha_cristobalite::reference,0.05279220803640783
loose,same_formula,alpha_cristobalite::coord_noise_0.020A,alpha_cristobalite,alpha_cristobalite,SiO2,coord_noise_0.020A,coordinate_perturbation,1,3,1,0,0,alpha_cristobalite::reference,0.032969332998618484
loose,same_formula,alpha_cristobalite::coord_noise_0.050A,alpha_cristobalite,alpha_cristobalite,SiO2,coord_noise_0.050A,coordinate_perturbation,1,3,1,0,0,alpha_cristobalite::reference,0.032268499955534935
loose,same_formula,alpha_cristobalite::coord_noise_0.100A,alpha_cristobalite,alpha_cristobalite,SiO2,coord_noise_0.100A,coordinate_perturbation,1,3,1,0,0,alpha_cristobalite::reference,0.03319516696501523
loose,same_formula,alpha_cristobalite::lattice_noise_0.010,alpha_cristobalite,alpha_cristobalite,SiO2,lattice_noise_0.010,lattice_perturbation,1,3,1,0,0,alpha_cristobalite::reference,0.02964312501717359
loose,same_formula,alpha_cristobalite::lattice_noise_0.020,alpha_cristobalite,alpha_cristobalite,SiO2,lattice_noise_0.020,lattice_perturbation,1,3,1,0,0,alpha_cristobalite::reference,0.025172207970172167
loose,same_formula,alpha_cristobalite::lattice_noise_0.050,alpha_cristobalite,alpha_cristobalite,SiO2,lattice_noise_0.050,lattice_perturbation,1,3,1,0,0,alpha_cristobalite::reference,0.028527915943413973
loose,same_formula,alpha_cristobalite::combined_noise_0.020A_0.010,alpha_cristobalite,alpha_cristobalite,SiO2,combined_noise_0.020A_0.010,combined_perturbation,1,3,1,0,0,alpha_cristobalite::reference,0.027340875007212162
loose,same_formula,alpha_cristobalite::combined_noise_0.050A_0.020,alpha_cristobalite,alpha_cristobalite,SiO2,combined_noise_0.050A_0.020,combined_perturbation,1,3,1,0,0,alpha_cristobalite::reference,0.025164666934870183
loose,same_formula,alpha_cristobalite::combined_noise_0.100A_0.050,alpha_cristobalite,alpha_cristobalite,SiO2,combined_noise_0.100A_0.050,combined_perturbation,1,3,1,0,0,alpha_cristobalite::reference,0.026354457950219512
loose,same_formula,coesite::conventional_standard,coesite,coesite,SiO2,conventional_standard,equivalent_transform,1,3,1,0,0,coesite::reference,0.11773783306125551
loose,same_formula,coesite::niggli_reduced,coesite,coesite,SiO2,niggli_reduced,equivalent_transform,1,3,1,0,0,coesite::reference,0.1269015830475837
loose,same_formula,coesite::origin_shifted,coesite,coesite,SiO2,origin_shifted,equivalent_transform,1,3,1,0,0,coesite::reference,0.0756890830816701
loose,same_formula,coesite::permuted_sites,coesite,coesite,SiO2,permuted_sites,equivalent_transform,1,3,1,0,0,coesite::reference,0.10530120797920972
loose,same_formula,coesite::supercell_2x1x1,coesite,coesite,SiO2,supercell_2x1x1,equivalent_transform,1,3,1,0,0,coesite::reference,0.11773933400399983
loose,same_formula,coesite::coord_noise_0.020A,coesite,coesite,SiO2,coord_noise_0.020A,coordinate_perturbation,1,3,1,0,0,coesite::reference,0.18390524992719293
loose,same_formula,coesite::coord_noise_0.050A,coesite,coesite,SiO2,coord_noise_0.050A,coordinate_perturbation,1,3,1,0,0,coesite::reference,0.07929741707630455
loose,same_formula,coesite::coord_noise_0.100A,coesite,coesite,SiO2,coord_noise_0.100A,coordinate_perturbation,1,3,1,0,0,coesite::reference,0.07951354095712304
loose,same_formula,coesite::lattice_noise_0.010,coesite,coesite,SiO2,lattice_noise_0.010,lattice_perturbation,1,3,1,0,0,coesite::reference,0.07503633399028331
loose,same_formula,coesite::lattice_noise_0.020,coesite,coesite,SiO2,lattice_noise_0.020,lattice_perturbation,1,3,1,0,0,coesite::reference,0.0784928749781102
loose,same_formula,coesite::lattice_noise_0.050,coesite,coesite,SiO2,lattice_noise_0.050,lattice_perturbation,1,3,1,0,0,coesite::reference,0.12084887502714992
loose,same_formula,coesite::combined_noise_0.020A_0.010,coesite,coesite,SiO2,combined_noise_0.020A_0.010,combined_perturbation,1,3,1,0,0,coesite::reference,0.07684979098848999
loose,same_formula,coesite::combined_noise_0.050A_0.020,coesite,coesite,SiO2,combined_noise_0.050A_0.020,combined_perturbation,1,3,1,0,0,coesite::reference,0.07669795793481171
loose,same_formula,coesite::combined_noise_0.100A_0.050,coesite,coesite,SiO2,combined_noise_0.100A_0.050,combined_perturbation,1,3,1,0,0,coesite::reference,0.07575383293442428
loose,same_formula,anatase::conventional_standard,anatase,anatase,TiO2,conventional_standard,equivalent_transform,1,3,1,0,0,anatase::reference,0.08306420792359859
loose,same_formula,anatase::niggli_reduced,anatase,anatase,TiO2,niggli_reduced,equivalent_transform,1,3,1,0,0,anatase::reference,0.1257898750482127
loose,same_formula,anatase::origin_shifted,anatase,anatase,TiO2,origin_shifted,equivalent_transform,1,3,1,0,0,anatase::reference,0.07749787496868521
loose,same_formula,anatase::permuted_sites,anatase,anatase,TiO2,permuted_sites,equivalent_transform,1,3,1,0,0,anatase::reference,0.08487066603265703
loose,same_formula,anatase::supercell_2x1x1,anatase,anatase,TiO2,supercell_2x1x1,equivalent_transform,1,3,1,0,0,anatase::reference,0.08542491705156863
loose,same_formula,anatase::coord_noise_0.020A,anatase,anatase,TiO2,coord_noise_0.020A,coordinate_perturbation,1,3,1,0,0,anatase::reference,0.1738984170369804
loose,same_formula,anatase::coord_noise_0.050A,anatase,anatase,TiO2,coord_noise_0.050A,coordinate_perturbation,1,3,1,0,0,anatase::reference,0.10551195801235735
loose,same_formula,anatase::coord_noise_0.100A,anatase,anatase,TiO2,coord_noise_0.100A,coordinate_perturbation,1,3,1,0,0,anatase::reference,0.13622441596817225
loose,same_formula,anatase::lattice_noise_0.010,anatase,anatase,TiO2,lattice_noise_0.010,lattice_perturbation,1,3,1,0,0,anatase::reference,0.08304491697344929
loose,same_formula,anatase::lattice_noise_0.020,anatase,anatase,TiO2,lattice_noise_0.020,lattice_perturbation,1,3,1,0,0,anatase::reference,0.08298208296764642
loose,same_formula,anatase::lattice_noise_0.050,anatase,anatase,TiO2,lattice_noise_0.050,lattice_perturbation,1,3,1,0,0,anatase::reference,0.13128758408129215
loose,same_formula,anatase::combined_noise_0.020A_0.010,anatase,anatase,TiO2,combined_noise_0.020A_0.010,combined_perturbation,1,3,1,0,0,anatase::reference,0.08434874995145947
loose,same_formula,anatase::combined_noise_0.050A_0.020,anatase,anatase,TiO2,combined_noise_0.050A_0.020,combined_perturbation,1,3,1,0,0,anatase::reference,0.09154299995861948
loose,same_formula,anatase::combined_noise_0.100A_0.050,anatase,anatase,TiO2,combined_noise_0.100A_0.050,combined_perturbation,1,3,1,0,0,anatase::reference,0.10347454191651195
loose,same_formula,rutile::conventional_standard,rutile,rutile,TiO2,conventional_standard,equivalent_transform,1,3,1,0,0,rutile::reference,0.16836762498132885
loose,same_formula,rutile::niggli_reduced,rutile,rutile,TiO2,niggli_reduced,equivalent_transform,1,3,1,0,0,rutile::reference,0.19689725001808256
loose,same_formula,rutile::origin_shifted,rutile,rutile,TiO2,origin_shifted,equivalent_transform,1,3,1,0,0,rutile::reference,0.1267185000469908
loose,same_formula,rutile::permuted_sites,rutile,rutile,TiO2,permuted_sites,equivalent_transform,1,3,1,0,0,rutile::reference,0.14026587503030896
loose,same_formula,rutile::supercell_2x1x1,rutile,rutile,TiO2,supercell_2x1x1,equivalent_transform,1,3,1,0,0,rutile::reference,0.18537316704168916
loose,same_formula,rutile::coord_noise_0.020A,rutile,rutile,TiO2,coord_noise_0.020A,coordinate_perturbation,1,3,1,0,0,rutile::reference,0.11492916604038328
loose,same_formula,rutile::coord_noise_0.050A,rutile,rutile,TiO2,coord_noise_0.050A,coordinate_perturbation,1,3,1,0,0,rutile::reference,0.1180116250179708
loose,same_formula,rutile::coord_noise_0.100A,rutile,rutile,TiO2,coord_noise_0.100A,coordinate_perturbation,1,3,1,0,0,rutile::reference,0.1178876250050962
loose,same_formula,rutile::lattice_noise_0.010,rutile,rutile,TiO2,lattice_noise_0.010,lattice_perturbation,1,3,1,0,0,rutile::reference,0.19645854097325355
loose,same_formula,rutile::lattice_noise_0.020,rutile,rutile,TiO2,lattice_noise_0.020,lattice_perturbation,1,3,1,0,0,rutile::reference,0.1316384159727022
loose,same_formula,rutile::lattice_noise_0.050,rutile,rutile,TiO2,lattice_noise_0.050,lattice_perturbation,1,3,1,0,0,rutile::reference,0.2401150829391554
loose,same_formula,rutile::combined_noise_0.020A_0.010,rutile,rutile,TiO2,combined_noise_0.020A_0.010,combined_perturbation,1,3,1,0,0,rutile::reference,0.20478791696950793
loose,same_formula,rutile::combined_noise_0.050A_0.020,rutile,rutile,TiO2,combined_noise_0.050A_0.020,combined_perturbation,1,3,1,0,0,rutile::reference,0.1287775420350954
loose,same_formula,rutile::combined_noise_0.100A_0.050,rutile,rutile,TiO2,combined_noise_0.100A_0.050,combined_perturbation,1,3,1,0,0,rutile::reference,0.124805707950145
loose,same_formula,brookite::conventional_standard,brookite,brookite,TiO2,conventional_standard,equivalent_transform,1,3,1,0,0,brookite::reference,0.4599610840668902
loose,same_formula,brookite::niggli_reduced,brookite,brookite,TiO2,niggli_reduced,equivalent_transform,1,3,1,0,0,brookite::reference,0.5313825829653069
loose,same_formula,brookite::origin_shifted,brookite,brookite,TiO2,origin_shifted,equivalent_transform,1,3,1,0,0,brookite::reference,0.5962328329915181
loose,same_formula,brookite::permuted_sites,brookite,brookite,TiO2,permuted_sites,equivalent_transform,1,3,1,0,0,brookite::reference,0.7687782919965684
loose,same_formula,brookite::supercell_2x1x1,brookite,brookite,TiO2,supercell_2x1x1,equivalent_transform,1,3,1,0,0,brookite::reference,1.1872071250109002
loose,same_formula,brookite::coord_noise_0.020A,brookite,brookite,TiO2,coord_noise_0.020A,coordinate_perturbation,1,3,1,0,0,brookite::reference,0.590821374906227
loose,same_formula,brookite::coord_noise_0.050A,brookite,brookite,TiO2,coord_noise_0.050A,coordinate_perturbation,1,3,1,0,0,brookite::reference,0.7700333750108257
loose,same_formula,brookite::coord_noise_0.100A,brookite,brookite,TiO2,coord_noise_0.100A,coordinate_perturbation,1,3,1,0,0,brookite::reference,0.5673472500639036
loose,same_formula,brookite::lattice_noise_0.010,brookite,brookite,TiO2,lattice_noise_0.010,lattice_perturbation,1,3,1,0,0,brookite::reference,0.5192800420336425
loose,same_formula,brookite::lattice_noise_0.020,brookite,brookite,TiO2,lattice_noise_0.020,lattice_perturbation,1,3,1,0,0,brookite::reference,0.5223003339488059
loose,same_formula,brookite::lattice_noise_0.050,brookite,brookite,TiO2,lattice_noise_0.050,lattice_perturbation,1,3,1,0,0,brookite::reference,0.38221379194874316
loose,same_formula,brookite::combined_noise_0.020A_0.010,brookite,brookite,TiO2,combined_noise_0.020A_0.010,combined_perturbation,1,3,1,0,0,brookite::reference,0.39086545805912465
loose,same_formula,brookite::combined_noise_0.050A_0.020,brookite,brookite,TiO2,combined_noise_0.050A_0.020,combined_perturbation,1,3,1,0,0,brookite::reference,0.4944094580132514
loose,same_formula,brookite::combined_noise_0.100A_0.050,brookite,brookite,TiO2,combined_noise_0.100A_0.050,combined_perturbation,1,3,1,0,0,brookite::reference,0.7543173329904675
